pIC50 (uM),ID,SMILES,Outcome
4.7594507517174005,CHEMBL4066256,Cc1c(C(O)CN2CCC3(CC2)CC(=O)N(c2ccc(S(C)(=O)=O)cn2)C3)ccc2c1COC2=O,0
5.0,CHEMBL3759362,COc1cc(N)c(Cl)cc1C(=O)NC1CCN(CC2CCN(C(C)=O)CC2)CC1OC,0
6.187086643357144,CHEMBL410234,Cc1cc(C)n(-c2cc(NC(=O)CCN(C)C)nc(-c3ccc(C)o3)n2)n1,1
5.675717544702308,CHEMBL3946995,O=C(NC1CCC(CCN2CCN(c3nsc4ccccc34)CC2)CC1)c1ccco1,1
4.0,CHEMBL3221489,Cc1ccc(NC(=O)C(COC(C)C)Oc2ncnc3c2cnn3-c2ncccc2Cl)nc1,0
5.0,CHEMBL4206639,CC(Oc1ccc(S(C)(=O)=O)cc1C(=O)N1Cc2cn(-c3cncc(F)c3)nc2C1)C(F)(F)F,0
6.699991797446187,CHEMBL1080117,Cc1ccc2c(-c3nnc(SCCCN4CC5CC5(c5ccc(Cl)cc5)C4)n3C)cccc2n1,1
5.44000006551306,CHEMBL3901211,Cc1ncoc1-c1nnc(SCCCN2CCC3(CC3c3ccccc3)C2)n1C,1
5.950781977329818,CHEMBL488069,CN(C)Cc1ccc(C(F)(F)F)cc1Oc1ccc(Cl)c(Cl)c1,1
4.698970004336019,CHEMBL1086377,CCN1CCN(CC(=O)Nc2ccc(-c3cccc4c(=O)cc(N5CCOCC5)oc34)c3sc4ccccc4c23)CC1,0
6.173925197299173,CHEMBL2407175,CCCN1C(=O)CC2(CCN(CC3CCN(C(=O)OCC)CC3)CC2)c2cccnc21,1
5.6020599913279625,CHEMBL2441440,O=C(Cc1ccc(-n2cnnn2)cc1)N1CCN(CCc2ccc3c(c2)COC3)CC1,1
4.522878745280337,CHEMBL456654,c1ccc(CC2(c3ccc4[nH]ccc4c3)CCNC2)nc1,0
4.200000030616179,CHEMBL4457647,O=C(Nc1ccnnc1)c1cc(N2CCOCC2)ccc1OCc1ccccc1,0
5.075720713938118,CHEMBL1822863,Cc1nc(C)c(-c2ccc3cc(CCN4CCCC4C)ccc3n2)cc1C#N,1
6.229147988357856,CHEMBL3086040,O=C(NC(c1ccc(Cl)cc1)c1ccnc(F)c1)C1CCC(N2CCOCC2)CC1c1ccc(Br)cc1,1
5.0,CHEMBL3577956,O=C(c1ccc(CN2CCOCC2)cc1)N1CCN(C2CCC2)CC1,0
4.568636235841013,CHEMBL3890490,CN(C)CCCOc1ccc(-c2ccc3ncc4c(c3c2)n(C2CCCOC2)c(=O)n4C)cn1,0
4.886056647693163,CHEMBL4206036,O=c1c2cc(Cc3ccc(Cl)nc3)c3ccccc3c2ncn1C1CCCCC1O,0
5.3979400086720375,CHEMBL1092748,CC(C)N(C)C1CCC(N2CCC(NC(=O)c3cc(C(F)(F)F)cc(C(F)(F)F)c3)C2=O)C(CS(=O)(=O)c2ccccc2)C1,1
4.499999953328896,CHEMBL270853,Cc1ccc2c(-c3nnc(SCCCCN4CCc5cc6c(cc5CC4)C(=O)N(C)C6)n3C)cccc2n1,0
5.045757490560675,CHEMBL3612799,COc1cc(CCN2CCN(CC(O)c3ccc4c(c3C)COC4=O)CC2)ccc1C#N,1
4.6020599913279625,CHEMBL4566383,COC(=O)C1CCN(C(=O)c2ccc(COc3ccc4[nH]c(=N)sc4c3)cc2)CC1,0
5.200000237109354,CHEMBL564347,CN(CCN1CCN(c2ccc3c(c2)OCO3)C1=O)CC12CCC(CC1)C2(C)C,1
5.2441251443275085,CHEMBL2059319,O=C1CCc2ccc(F)cc2N1CCCN1CCC(n2c(O)nc3ccccc32)CC1,1
5.950781977329818,CHEMBL1642190,COc1cc(C=Cc2nc(NCc3ccccc3)c3c4c(sc3n2)CCC4)ccc1-n1cnc(C)c1,1
4.522878745280337,CHEMBL4217603,CCc1nn2c(C)cc(C)nc2c1Cc1ccc(C=CCN2CCN(CC(O)CO)CC2)cc1,0
5.300000202445418,CHEMBL256659,Cc1ncoc1-c1nnc(SCCCN2CCc3ccc4nc(C(F)(F)F)oc4c3CC2)n1C,1
5.6439741428068775,CHEMBL553395,CSc1ccccc1C(=O)N(C1CCCCC1)C1CCNC1,1
5.0,CHEMBL4453748,C=CC(=O)N(c1ccc(F)c(Cl)c1)c1ncnc2cc(OC)c(OCCCN3CCOCC3)cc12,0
5.200000237109354,CHEMBL1257447,Cc1ncoc1-c1nnc(SCCCN2CCC3CC3(c3ccccc3)C2)n1C,1
4.5003129173815966,CHEMBL540930,O=C(CC1CCN(Cc2ccn(-c3ccc(C(F)(F)F)cc3)c2)CC1)NC(c1ccc(F)cc1)c1cnc(O)c(Cl)c1,0
5.522878745280337,CHEMBL4574414,CCc1ccc(COc2ccc(C3CN(C(=O)c4cc(OCCN5CCN=C(O)C5)ccn4)C3)cc2OC)cc1,1
5.59999938302362,CHEMBL3940897,Cn1c(SCCCN2CCC3(CC3c3ccc(C(F)(F)F)cc3)C2)nnc1-c1ccnnc1,1
5.5367940678058565,CHEMBL4293999,O=C(CCCCN1CCC(c2noc3cc(F)ccc23)CC1)c1cc2c3c(c1)CCN3C(=O)CC2,1
5.300000202445418,CHEMBL272694,Cc1ccc2c(-c3nnc(SCCCN4CCc5cc6nc(C)oc6c(C)c5CC4)n3C)cccc2n1,1
4.522878745280337,CHEMBL4175981,CC(C)(C)C(CO)NC(=O)c1nn(-c2c[n+]([O-])ccn2)c2c1CC1CC21,0
5.102372908709558,CHEMBL4280886,Brc1ccc(Nc2ccc(CN3CCC4(CC3)OCCc3sccc34)cc2)cc1,1
4.522878745280337,CHEMBL559531,O=C(O)c1ccc(-c2noc(C3CCN(C(=O)NC4CC4c4ccccc4)CC3)n2)cc1,0
5.0,CHEMBL3972807,COc1c(Nc2ncc(Cl)c(=NC3C4C=CC(C4)C3C(N)=O)[nH]2)ccc2c1CCCC(N1CCN(CCO)CC1)C2,0
5.0,CHEMBL2165084,NC(=O)c1ccn(-c2cccc(OC(=O)NCCCCCCc3ccccc3)c2)c1,0
9.142667503568733,CHEMBL1258503,NC(=O)c1cccc(OC2CC3CCC(C2)N3CC(=O)Nc2ccccc2)c1,1
7.698970004336019,CHEMBL182646,COc1ccc(CCN(C)CCCN(C(=O)c2ccc([N+](=O)[O-])cc2)c2ccc(OC)c(OC)c2)cc1OC,1
4.610833915635467,CHEMBL2403842,Cc1cc(Nc2ncc(Cl)c(=Nc3ccccc3S(=O)(=O)C(C)C)[nH]2)c(OC(C)C)cc1C1CCN(C(=O)CN(C)C)CC1,0
4.080921907623926,CHEMBL4075428,Cn1c([S+](C)[O-])nc(-c2ccc(F)cc2)c1-c1cc[nH]c(=N)c1,0
4.6020599913279625,CHEMBL4441173,CS(=O)(=O)c1cc(-c2ccccc2)cc(S(=O)(=O)c2ccc(CN)s2)c1,0
5.920818753952375,CHEMBL1288673,N#Cc1ccc(CNC(=O)N(c2cccc(F)c2)C2CCN(CCC3(c4cccc(F)c4)CCN(C(=O)c4c(F)cccc4F)CC3)CC2)cc1,1
4.886056647693163,CHEMBL513423,OC1CC(CN2CCC(c3ccc(F)cc3Cl)C(O)C2)CCc2cccnc21,0
5.958607314841775,CHEMBL1084402,CC(C)(C)NCCCc1cc(-c2cccc(C(F)(F)F)c2)nc(C#N)n1,1
5.721246399047171,CHEMBL3219269,CC(=O)Nc1cccc(C2CCN(Cc3ccc(C(=O)c4nc5ccccc5n4-c4ccc(F)cc4)cc3F)CC2)c1,1
5.769551078621726,CHEMBL3219001,CC(=O)Nc1cccc(C2CCN(Cc3ccc(C(=O)c4nc5ccccc5n4-c4ccc(Cl)cc4)cc3)CC2)c1,1
4.769551078621726,CHEMBL2164372,O=C(NCc1ccc(OC(F)(F)F)cc1)C1c2ccccc2C(=O)N1CC1CCCO1,0
5.0,CHEMBL3218856,COc1cc(N2CCC(N3CCOCC3)CC2)ccc1-c1nc2c(NC3C4C=CC(C4)C3C(N)=O)c(Cl)cnc2[nH]1,0
6.886056647693163,CHEMBL1614712,Nc1ncnc2c1c(-c1cccc(OCc3ccccc3)c1)cn2C1CC(CN2CCC2)C1,1
4.42021640338319,CHEMBL2041182,Cc1cc(N2C(=O)N(c3ccc(-c4ccc(C(=O)O)cc4C)cc3)C(=O)C23CCN(Cc2ncccc2C)CC3)ncn1,0
5.795880017344075,CHEMBL4081529,CC(C)Cc1cc(CNS(=O)(=O)c2cccc3cccnc23)nn1-c1ccc(F)cc1,1
4.522878745280337,CHEMBL1802908,CCN(CC)S(=O)(=O)Nc1ccc2ccc3ncc(-c4cnn(C)c4)cc3c(=O)c2c1,0
4.665546248849069,CHEMBL4069245,Cc1c(C(O)CN2CCC3(CC2)CCN(c2ccc(=O)n(C)n2)C3=O)ccc2c1COC2=O,0
5.200000237109354,CHEMBL1257214,Cc1nc(C)c(-c2nnc(SCCCN3CCC4(CCc5ccc(F)cc54)C3)n2C)s1,1
5.221848749616356,CHEMBL561788,O=C(NC1CC1c1ccccc1)N1CCC(c2nc(-c3ccccc3C(F)(F)F)no2)CC1,1
6.0999990348465305,CHEMBL1079480,Cc1cnc(-c2nnc(SCCCN3CC4CC4(c4ccc(C(F)(F)F)cc4)C3)n2C)cn1,1
4.481486060122113,CHEMBL3900409,Cn1c(=O)oc2ccc(-c3ccc(CC(C#N)NC(=O)C4CNCCCO4)cc3)cc21,0
4.494850021680094,CHEMBL1834642,Cn1[nH]c(=NCC(=O)NC2CN(C3CCC(C(N)=O)CC3)C2)c2cc(C(F)(F)F)ccc21,0
4.481486060122113,CHEMBL1809067,COc1cc(N2CCN(C(N)=O)CC2)ccc1Nc1ncc(Cl)c(-c2cnc3ccccn23)n1,0
5.920818753952375,CHEMBL3582322,Cn1cc(C2(c3nc(=O)o[nH]3)NC(c3ncc(-c4ccc(F)cn4)[nH]3)Cc3c2[nH]c2ccccc32)cn1,1
5.6020599913279625,CHEMBL2010830,CCN(C(=O)Cc1ccc(S(C)(=O)=O)cc1)C1CCN(Cc2ccc(C(F)(F)F)cc2)CC1,1
4.698970004336019,CHEMBL1086514,CC1CCCN1CCc1ccc2nc(-c3ccc(-n4ccc(=O)cc4)cc3)ccc2c1,0
5.0,CHEMBL4214756,CCS(=O)(=O)c1ccc(OC(C)C(F)(F)F)c(C(=O)N2Cc3cn(-c4cncc(F)c4)nc3C2)c1,0
4.301029995663981,CHEMBL2315925,Cc1ncc(C2(O)CCC(N3CC(NC(=O)CN=c4[nH]cnc5ccc(C(F)(F)F)cc45)C3)CC2)s1,0
5.0,CHEMBL4087026,CCOC(=O)C1=C(CN2CCOCC2C(=O)OC)NC(c2nccs2)=NC1c1ccc(F)cc1Br,0
4.552841968657781,CHEMBL2204266,CC(C)Oc1ncc(C2(O)CCC(N3CC(NC(=O)CNC(=O)c4cccc(C(F)(F)F)c4)C3)CC2)s1,0
5.700000503883016,CHEMBL1258493,COc1cccc2c1CCCC21CCN(CCCSc2nnc(-c3ocnc3C)n2C)C1,1
7.638272163982407,CHEMBL512827,Cc1c(CNC2CCCC2)nn(-c2ccc(Cl)cc2Cl)c1-c1ccc(Cl)cc1,1
4.681936665037238,CHEMBL1084616,CC1CCCN1CCc1ccc2nc(-c3ccn4ncnc4n3)ccc2c1,0
6.0999990348465305,CHEMBL270376,Cc1nc(C)c(-c2nnc(SCCCN3CCc4ccc5oc(C(F)(F)F)nc5c4CC3)n2C)s1,1
5.267606240177032,CHEMBL4531226,Fc1ccc(-c2nc(N3CCOCC3)sc2-c2ccnc(Nc3ccc(N4CCNCC4)cc3)n2)cc1,1
4.522878745280337,CHEMBL563732,O=C(NC1CC1c1ccccc1)N1CCC(n2cncn2)CC1,0
5.0,CHEMBL4638182,COc1c(S(C)(=O)=O)ccc(OC(C)C(F)(F)F)c1C(=O)N1Cc2cn(-c3ccc(F)cn3)nc2C1,0
4.896196279044043,CHEMBL2069921,c1ccc(CN2CCN(Cc3nc(-c4ccccc4)no3)CC2)cc1,0
4.698970004336019,CHEMBL2036783,CN1CCNC(C(=O)N2CCN(C(=O)Nc3ccc(Cl)c(Cl)c3)CC2)C1,0
5.7447274948966935,CHEMBL4084106,CC(C)(N)c1ncc(-c2ccc(OC(F)(F)F)cc2)[nH]1,1
4.229999967073058,CHEMBL1741,CCC1OC(=O)C(C)C(OC2CC(C)(OC)C(O)C(C)O2)C(C)C(OC2OC(C)CC(N(C)C)C2O)C(C)(OC)CC(C)C(=O)C(C)C(O)C1(C)O,0
5.1249387366083,CHEMBL4218135,CSc1ccc(Cc2cc3c(=O)n(C4CCCCC4O)cnc3c3ccccc23)cn1,1
5.050609993355088,CHEMBL3786346,O=C(c1nnc(-c2ccccc2)o1)N1CC(Oc2ccc(CN3CC4(CCCO4)C3)cc2)C1,1
4.675717544702307,CHEMBL3314423,CN(C)c1ccc(C=Cc2c(F)cccc2F)nc1,0
5.455931955649724,CHEMBL4094125,CC1(C(=O)N2CCCC(c3nc(-c4ccc(C(=O)Nc5cc(C(F)(F)F)ccn5)cc4)c4c(N)nccn34)C2)COC1,1
5.0,CHEMBL4638967,CCSc1cc(C(O)(CCN(C)C)C(c2cc3cc(C#N)ccc3nc2OC)c2cccc(C)c2F)cc(SCC)n1,0
5.113509274827519,CHEMBL4454640,N#Cc1ccc(N2CCC(Nc3cc(N=c4cncc[nH]4)ncc3C(N)=O)CC2)nc1,1
4.769551078621726,CHEMBL3822651,COCC(=O)N1CCC(n2nc(C)c(Nc3ncc(Cl)c(-c4cnn5ccccc45)n3)c2C)CC1,0
4.619788758288394,CHEMBL4175071,COC1CC(n2c(=O)n(C)c3cnc4cc(F)c(-c5ccc(=NCCN(C)C)[nH]c5)cc4c32)C1,0
4.610833915635467,CHEMBL2180014,CC#Cc1cncc(-c2cc(C3(C4CC4)N=C(C)C(N)=N3)ccc2O)c1,0
4.900000142057633,CHEMBL402422,Cc1nc2c3c(ccc2o1)CCN(CCCSc1nnc(-c2ocnc2C)n1C)CC3,0
5.6777807052660805,CHEMBL3218648,COCCN1CCCC(Cn2c(-c3ccccc3C)nc3cc(-c4ccc(Cl)cc4)sc3c2=O)C1,1
4.954677021213342,CHEMBL3747669,CC1Cc2c(ncnc2Oc2ccc3c(ccn3C(=O)N=c3cc(C(C)(C)C)o[nH]3)c2)CN1,0
5.0,CHEMBL1171886,O=C(c1ccc(Oc2ccc(Cl)cc2)nc1)N1CCCN(C2CCC2)CC1,0
4.950781977329818,CHEMBL273208,CNCc1cnc(C)cc1Oc1ccccc1Oc1ccccc1,0
6.3979400086720375,CHEMBL3099950,NC(=O)Nc1ccc(F)cc1OCC(O)CN1CCC2(CC1)Cc1cc(Cl)ccc1O2,1
4.886056647693163,CHEMBL3220615,COc1ccc(N2C(=O)C(C)(C)C2c2ccccc2OC)cc1,0
7.982966660701219,CHEMBL217400,COc1cccc(CN2CCC(NC(=O)c3cc(=O)c4ccc(F)cc4o3)CC2)c1,1
6.026872146400302,CHEMBL4225277,COc1ccc2nccc(CCC3CCC(NCc4cc5c(cn4)OCCO5)CC3)c2c1,1
4.301029995663981,CHEMBL583,Cc1c(F)c(N2CCNC(C)C2)cc2c1c(=O)c(C(=O)O)cn2C1CC1,0
4.91721462968355,CHEMBL4638981,Cc1ccc(C(=O)Nc2ccc(CN3Cc4c[nH]nc4C3)c(Cl)c2)cc1C#Cc1cnc2cccnn12,0
4.585026652029182,CHEMBL4277584,COc1ccccc1-n1nc(C2CC(C)(C)OC(C)(C)C2)cc1-c1csc(Cl)c1,0
6.045757490560675,CHEMBL557932,COc1ccc(CNC2CCC(C(=O)N3CCC(C(=O)N4CCCC4)(c4ccccc4)CC3)C(C)(C)C2)cc1,1
4.300000029139089,CHEMBL4633318,CN1C(C(N)=O)CCC1c1ccc(OCc2ccccc2F)cc1,0
4.522878745280337,CHEMBL1835993,Cc1nc2ccccc2n1Cc1ccc(C(=O)N(C)C2CCN(C3CCC3)C2)cc1,0
6.142667503568732,CHEMBL1835148,NC(=O)c1cnc(NC(C2CC2)C2CC2)c2c1[nH]c1cc(-c3cnc(N)cn3)ccc12,1
6.399996913372259,CHEMBL408169,Cc1ccc2c(-c3nnc(SCCCN4CCc5cc6c(cc5CC4)OCCN6)n3C)cccc2n1,1
4.823908740944319,CHEMBL4463242,CC(C)Cc1cc(CNC(=O)C2C3CN(C(=O)c4ccccc4)CC32)nn1-c1ccccc1,0
6.0999990348465305,CHEMBL3775737,Cn1c(SCCCN2CC3CCN(c4ccc(F)cc4)C3C2)nnc1C1CCOCC1,1
5.100000128334196,CHEMBL4448579,COCCN1CCN(c2ccc(OCc3ccccc3)c(C(=O)Nc3ccnnc3)c2)CC1,1
5.0,CHEMBL1224701,O=S(=O)(Nc1ccc(C23CNCC2C3)cc1)c1ccc(OC(F)(F)F)cc1,0
6.537602002101044,CHEMBL4455446,CC1OCC2(CCN(c3nc4n[nH]c(-c5cccc(Cl)c5Cl)c4c(=O)n3C)CC2)C1N,1
4.528708288941061,CHEMBL4087218,Cc1c(C(O)CN2CCC3(CC2)CCN(c2ccc(S(C)(=O)=O)nc2)C3)ccc2c1COC2=O,0
4.657577319177793,CHEMBL2041184,Cc1nccc(N2C(=O)N(c3ccc(-c4ccc(C(=O)O)cc4C)cc3)C(=O)C23CCN(Cc2ncccc2C)CC3)n1,0
5.177178354696896,CHEMBL1092105,CCN1CCC(N(C(=O)NCc2ccc(F)cc2)c2ccc(Cl)cc2)CC1,1
4.300000029139089,CHEMBL196431,CC=C1N(C)C(C)CC1(c1ccccc1)c1ccccc1,0
5.823908740944319,CHEMBL377697,O=C(Nc1cccc(N2CCN(CCCCNS(=O)(=O)CC3CCCCC3)CC2)c1)C1CC1,1
5.455931955649724,CHEMBL4546929,COC(C)(C)CN(CCc1ccc(Cl)cc1)C1CCN(c2nc(=N)[nH][nH]2)CC1,1
6.292429823902063,CHEMBL2012178,Cc1c(C)n(Cc2ccccc2)c2ncnc(OC3CCN(Cc4cscn4)CC3)c12,1
4.6020599913279625,CHEMBL2207503,Cc1nn(C)cc1-c1nc2c(N3CCN(Cc4ccc(Cl)cc4)CC3)c(Cl)cnc2[nH]1,0
4.262012673666569,CHEMBL3356242,O=C(CNCCc1c(Cl)cccc1Cl)N1CCc2ccccc2C1C1CCCCC1,0
5.42021640338319,CHEMBL453654,COc1ccc2nc(-c3ccc(OC4CCN(C5CCC5)CC4)cc3)n(C)c(=O)c2c1,1
4.900000142057633,CHEMBL4472275,Cc1noc(C)c1NC(=O)C1CCCCC1C(=O)c1ccc(-c2cc[nH]n2)cc1,0
5.0,CHEMBL562000,COc1ccc(C(C)NC2CCC(C(=O)N3CCC(C(=O)N(C)C)(c4ccccc4)CC3)C(C)(C)C2)cc1,0
4.3979400086720375,CHEMBL3261615,CC(N1CCn2nc(-c3ccc(C#N)nc3)nc2C1)C(O)(Cn1cncn1)c1ccc(F)cc1F,0
5.2076083105017466,CHEMBL1834637,CC(C)C1CCC(N2CC(NC(=O)CN=c3[nH][nH]c4ccc(C(F)(F)F)cc34)C2)CC1,1
4.522878745280337,CHEMBL1771137,CC(C)c1cc(C#N)cc2nc(-c3ccc(C(=O)NCC4CN(c5ccc(-c6ccccc6C(N)=O)cn5)C(=O)O4)cc3)oc12,0
4.3979400086720375,CHEMBL4589417,O=S1(=O)NCCN1CCNc1nonc1C(=Nc1ccc(F)c(Br)c1)NO,0
4.246416941107094,CHEMBL561339,CCN(CC)C(=O)c1ccc(C2=CC3(CCNCC3)Oc3ccccc32)c(O)c1,0
4.481486060122113,CHEMBL3127683,CC(C)N1CCN(C(=O)N2CCC3(CCN(C4CCOCC4)CC3)C2)CC1,0
5.570247719997592,CHEMBL453631,CNC(C)c1cc(C)ccc1Oc1ccc(Cl)c(Cl)c1,1
7.823908740944319,CHEMBL1258845,NC(=O)c1cccc(OC2CC3CCC(C2)N3C2CCCCC2)c1,1
4.045757490560675,CHEMBL601907,CCCCCOC(=O)N1CCN(C(=O)C(CCC(=O)O)NC(=O)c2cc(N3CCC(C(=O)N4CCCC4)CC3)cc(-c3ccccc3)n2)CC1,0
4.795880017344075,CHEMBL2164220,Cc1cc(Cl)nc(C)c1C(=O)NCCC(C)N1CCC(N(Cc2ccsc2)C(=O)CC#N)CC1,0
5.920818753952375,CHEMBL468307,Cc1ccc(-c2c(C)c(CNC3CCCC3)nn2-c2ncc(Cl)cc2Cl)cn1,1
8.0,CHEMBL533,CCCCCCCN(CC)CCCC(O)c1ccc(NS(C)(=O)=O)cc1,1
4.481486060122113,CHEMBL3127701,O=C(C1CC12CCN(C1CCOCC1)CC2)N1CCN(C2CCCC2)CC1,0
6.919987152892072,CHEMBL271127,COc1ccccc1Oc1ccccc1CN1CCC2(CC1)CCN(C(=O)c1ccccn1)CC2,1
4.481486060122113,CHEMBL3261928,CN1Cc2ccc(-c3ccc(CC(C#N)NC(=O)C4(N)CCOCC4)cc3)cc2C1=O,0
6.045757490560675,CHEMBL3609635,COc1cc(-c2cn(C3CCc4c(ccc5ccccc45)N(CC(F)(F)F)C3=O)nn2)ccc1-n1cnc(C)c1,1
5.0,CHEMBL3605277,O=C(c1ccc(F)cc1)N1CCc2nc(COc3cccc(F)c3)oc2C1,0
4.9396799713117145,CHEMBL2440396,COc1ccc(S(=O)(=O)NCCc2cn(CC(=O)Nc3ccc(Cl)cc3)c3ccccc23)cc1,0
5.326979092871104,CHEMBL3331484,Clc1ccc(CN(C2CC2)C2CNC2)cc1Cl,1
4.585026652029182,CHEMBL2206791,COCCC(Oc1ncnc2c1cnn2-c1ccccc1C(F)(F)F)C(=O)Nc1ccc(C)cn1,0
5.554395796726403,CHEMBL2046888,c1ccc(CCNCCC(c2ccccc2)c2ccccc2)cc1,1
6.0999990348465305,CHEMBL3775023,COc1ccc(N2CCC3CN(CCCSc4nnc(-c5cnccn5)n4C)CC32)cc1,1
6.173925197299173,CHEMBL2146881,CNc1cc(CCN2CCN(CCc3ccc4c(c3)COC4=O)CC2)ccc1C#N,1
6.022276394711152,CHEMBL541226,Clc1cccc(OC(c2ccccc2)C2CCNCC2)c1Cl,1
6.585026652029182,CHEMBL4278717,C=CC(=O)NC1CCN(c2ccc(C(N)=O)c(Nc3ccc(N4CCCCC4)nc3)n2)C1,1
5.0,CHEMBL3676329,Cc1nc2ccc(-n3ncc(C(=O)c4cc5ccc(Br)cc5[nH]4)c3N)cc2[nH]1,0
7.0,CHEMBL2031961,CC(C)(C)c1cc(CN2CCN(CCCCCC(c3ccc(F)cc3)c3ccc(F)cc3)CC2)cc(C(C)(C)C)c1O,1
6.130768280269024,CHEMBL247891,O=C(NC1CCN(Cc2ccc(OCCCN(C3CC3)C3CC3)c(F)c2)CC1)c1cc(=O)c2ccc(F)cc2o1,1
4.537602002101044,CHEMBL3355597,O=C1N=C(O)C(=Cc2ccccc2OCc2nnc(OCc3c(Cl)cccc3Cl)o2)S1,0
4.0,CHEMBL2386633,CC(O)c1nc2c[nH]c3nccc-3c2n1C1CCC(C#N)CC1,0
4.91721462968355,CHEMBL1289400,CN(C)CC(O)Cn1ncc2cc(-n3ccc(OCc4ccccc4)cc3=O)ccc21,0
4.522878745280337,CHEMBL4435054,CC(C)N(C)Cc1cccc(F)c1CNc1cc(F)c(S(=O)(=O)Nc2cscn2)c(F)c1,0
4.301029995663981,CHEMBL4648998,N=c1nc(N2CCC(N3Cc4cccnc4OCC3Cc3ccc(Cl)cc3)CC2)[nH][nH]1,0
4.221848749616356,CHEMBL3425812,CC1COc2cnc(CNC34CCC(CC5(O)Cn6c(=O)ccc7ncc(F)c5c76)(CC3)OC4)cc2O1,0
4.481486060122113,CHEMBL3891374,N#CC(Cc1ccc(-c2ccc3oc(=O)n(CC(F)F)c3c2)cc1)NC(=O)C1CNCCCO1,0
7.522878745280337,CHEMBL1951777,Cc1ccc(C2(O)CCC(N3CCC(NC(=O)CNC(=O)c4cccc(C(F)(F)F)c4)C3)CC2)cn1,1
6.499996931948306,CHEMBL3774927,Cc1ccccc1N1CCC2CN(CCCSc3nnc(-c4cnccn4)n3C)CC21,1
6.2441251443275085,CHEMBL4069196,O=c1n(Cc2ccccc2)c2sc3c(c2c2ncnn12)CCN(CC1CCOCC1)C3,1
4.651889931519762,CHEMBL3596508,COc1cccc2c1[nH]c(=N)n1nc(CN3CCN(c4cccnc4)CC3C)nc21,0
5.1938200260161125,CHEMBL4637250,N=c1nc(N2CCC(N(CCc3ccc(Cl)cc3)Cc3ccncc3Cl)CC2)[nH][nH]1,1
7.299988937677887,CHEMBL397429,Cc1cnc(-c2ccc3c(c2)CCN(CCCSc2nnc(-c4cc5ccccc5[nH]4)n2C)CC3)o1,1
4.3979400086720375,CHEMBL1171471,CC(Oc1ccc(S(C)(=O)=O)cc1C(=O)N1CCN(c2ncc(C(F)(F)F)cn2)CC1)C(F)(F)F,0
5.585026652029182,CHEMBL4204675,Cn1cc(N=c2[nH]c(-c3cccc(-n4ccc5cc(C6CC6)cc(F)c5c4=O)c3CO)nc(=N)[nH]2)cc1C#N,1
5.585026652029182,CHEMBL4437791,CN1CCN(C(=O)c2cccc(-c3ncnc4ccc(-c5cnc6ccccc6c5)cc34)c2)CC1,1
4.070581074285707,CHEMBL485123,Cc1ncc(C)c(C(=O)N2CCC(C(N)Cc3cc(F)c(F)cc3F)CC2)n1,0
4.522878745280337,CHEMBL1097795,CC1(C)CC(NC(=O)c2cccc3[nH]ncc23)c2cc(-c3ccc(Cl)cc3)c(-c3ccc(Cl)cc3Cl)nc2O1,0
5.0,CHEMBL2158290,CS(=O)(=O)CC(=O)N1CCC(c2ccc(NC(=O)c3ncc(C#N)[nH]3)c(C3=CCCCC3)c2)CC1,0
4.481486060122113,CHEMBL3960662,CN(C)CCCOc1ccc(-c2ccc3ncc4c(c3c2)n(C2CCOCC2)c(=O)n4C)cn1,0
9.119186407719209,CHEMBL2146867,CC1CN(CCc2ccc([N+](=O)[O-])cc2)CCN1CCc1ccc([N+](=O)[O-])cc1,1
4.0,CHEMBL2071095,N#CC1(NC(=O)C2CCCCC2C(=O)N2CCN(c3nc4ncccc4s3)CC2)CC1,0
5.259637310505756,CHEMBL2164206,CONC(=O)N(Cc1ccsc1)C1CCN(C(C)CCNC(=O)c2c(C)cc(Cl)nc2C)CC1,1
5.317854923626168,CHEMBL495302,CC(C)(C)C(O)CN1CCC(CNC(=O)c2cc(Cl)cc(Cl)c2)CC1,1
5.292429823902063,CHEMBL4637995,COc1cccc(C(c2cc3cc(C#N)ccc3nc2OC)C(O)(CCN(C)C)c2cc(SC)nc(SC)c2)c1F,1
5.2441251443275085,CHEMBL402911,CCOC(=O)C(N)c1ccc(C(=O)Nc2cc(-c3cccs3)ccc2N)cc1,1
4.698970004336019,CHEMBL2333642,Fc1ccc(C2(COCc3cc(C(F)(F)F)cc(Cl)n3)CCNCC2)cc1,0
4.0,CHEMBL267345,CC1/C=C\C=C/C=C\C=C/C=C\C=C/C=C\C(OC2OC(C)C(O)C(N)C2O)CC2OC(O)(CC(O)CC(O)C(O)CCC(O)CC(O)CC(=O)OC(C)C(C)C1O)CC(O)C2C(=O)O,0
4.522878745280337,CHEMBL1215758,N#Cc1ccc(N2N=C(c3ccc(C(=O)O)cc3)CC2c2ccc(F)cc2)cc1,0
5.2839966563652006,CHEMBL3823278,CC(=O)N1CCC(n2cc(Nc3ncc(Cl)c(-c4cnc5ccccn45)n3)c(C)n2)CC1,1
4.522878745280337,CHEMBL4277857,CC1(C)CC(N=c2ccc(-c3cccc4ccccc34)n[nH]2)CC(C)(C)N1,0
4.812479279163537,CHEMBL2322001,C1=CCC(c2ccc3ccccc3c2)CNC1,0
5.455931955649724,CHEMBL300907,CCc1cn(-c2ccc(F)cc2)c2ccc(Cl)cc12,1
4.522878745280337,CHEMBL4297317,CC(C(N)=O)C(N)c1nc2ccc(C(C)(C)C)cc2[nH]1,0
5.795880017344075,CHEMBL3422237,Cc1cc(C2CC3CSC(=N)NC3(c3ccc(F)cc3F)CO2)on1,1
6.799998134593398,CHEMBL3775572,Cn1c(SCCCN2CC3CCN(c4ccc(C(F)(F)F)cc4)C3C2)nnc1-c1cncnc1,1
7.0,CHEMBL4544352,CC1OC2(CCN(CCc3ccc(F)cc3)CC2)CN(c2ccccc2)C1=O,1
4.795880017344075,CHEMBL442717,COc1cc2c(cc1OC)C(Cc1ccc(Oc3cc(CC4c5cc(OC)c(OC)cc5CCN4C)ccc3O)cc1)N(C)CC2,0
4.935542010773082,CHEMBL4096683,NC(=O)c1ccc(NC2CCCNC2)c2cc(-c3ccccc3)[nH]c12,0
8.136677139879543,CHEMBL1258166,NC(=O)c1cccc(OC2CC3CCC(C2)N3CC2CC2)c1,1
5.528708288941061,CHEMBL1083706,c1ccc(C(Cc2ccccc2OCC2CC2)N2CCNCC2)cc1,1
4.795880017344075,CHEMBL2177307,N=C1NC(c2ccncc2)(c2cccc(-c3cncnc3)c2)c2ccccc21,0
4.619788758288394,CHEMBL2203841,CNc1cc(Nc2cnc(C#N)c(OC3CCN(C)C3)n2)ncc1-c1cnn(C)c1,0
4.600000074606178,CHEMBL2069408,O=C(NC1COc2cccc(-c3cccnc3)c2C1)c1ccc(OCC(F)(F)F)nc1,0
5.119186407719209,CHEMBL4071806,CC1(N)CCC(Nc2c(C(N)=O)cnn3cc(-c4cccc(F)c4)cc23)C1(C)C,1
5.100000128334196,CHEMBL4642930,NC(=O)C1CCC(c2ccc(OCc3ccc(F)cc3)cc2)N1,1
5.300000202445418,CHEMBL555744,COCC1CCCN1N1CCN(c2cccc(Cl)c2)C1=O,1
5.0,CHEMBL516783,CC(=O)Nc1ccc(S(=O)(=O)Nc2ccccc2C(=O)c2ccc(F)cc2)cc1,0
5.795880017344075,CHEMBL3577940,CC(C)N(C)C1CCC(NC(=O)CNC(=O)c2cccc(C(F)(F)F)c2)C(CCc2ccccc2)C1,1
5.221848749616356,CHEMBL3092632,CC(C)CN1CCC(c2ccccc2Oc2ncccc2NC(=O)Nc2ccc(OC(F)(F)F)cc2)CC1,1
5.0,CHEMBL3681244,Cc1nc2ccc(-n3ncc(C(=O)c4cc5ccc(-c6ccccc6)cc5[nH]4)c3N)cc2[nH]1,0
5.154901959985743,CHEMBL2043169,COc1cc(N2C(=O)N(c3ccc(-c4cccc(C(=O)O)c4)cc3)C(=O)C23CCN(Cc2ncccc2C)CC3)ncn1,1
4.481486060122113,CHEMBL4475999,CCCN(CCC)C(c1ccccn1)C(c1ccccn1)N(CCC)CC(O)CO,0
5.040958607678906,CHEMBL2426279,C=CC(=O)Nc1cc(Nc2nccc(-c3c[nH]c4ccccc34)n2)c(OC)cc1N1CCN(C)CC1,1
5.0,CHEMBL3913849,Cn1c(SCCCN2CCC3(CC3c3ccc(C(F)(F)F)cc3)C2)nnc1C1CCN=C(O)C1,0
4.7447274948966935,CHEMBL1946621,CN(C)C(=O)c1ccc(C(=C2CCN(Cc3cscn3)CC2)c2ccccn2)cc1,0
5.7447274948966935,CHEMBL4555101,CNC(=O)NCCN(CCc1ccc(Cl)cc1)C1CCN(c2nc(=N)[nH][nH]2)CC1,1
6.799998134593398,CHEMBL3775554,Cn1c(SCCCN2CC3CCN(c4ccc(C(F)(F)F)cc4)C3C2)nnc1-c1ccccn1,1
5.4698003017969175,CHEMBL455511,Cc1ccc(Oc2ccc(Cl)c(Cl)c2)c(CN(C)C)c1,1
5.33161408331,CHEMBL3990823,N=C(N)NN=Cc1ccc(-c2cccc(C=NNC(=N)N)c2)cc1,1
5.0,CHEMBL4463483,CN(C)C(=O)Cn1ccc2ncc(-c3ccccc3C(F)(F)F)cc21,0
5.795880017344075,CHEMBL1095151,Cc1n[nH]c(C)c1C(=O)NC1CC(C)(C)Oc2nc(-c3ccc(Cl)cc3Cl)c(-c3ccc(Cl)cc3)cc21,1
4.0,CHEMBL1916399,N#Cc1cc(OC(F)(F)F)cc(-c2nc(-c3ccc4c(c3)CCN4C(=O)CCC(=O)O)no2)c1,0
5.251811972993799,CHEMBL3786094,O=C(OC(C(=O)N1N=CCC1C(=O)NCc1cc(Cl)ccc1-n1cnnn1)c1ccc(F)cc1)c1ccccc1,1
4.499999953328896,CHEMBL3739712,Cc1cc(COc2ccc(F)c(F)c2F)nc(-c2ccccn2)n1,0
6.0999990348465305,CHEMBL1835063,NC(=O)c1cnc(N2CCCC(N)C2)[nH]c1=Nc1cccc(C(F)(F)F)c1,1
5.045757490560675,CHEMBL2380440,CC1(c2cccc(-c3cncnc3)c2)NC(=N)c2c(F)cccc2O1,1
5.429457060118103,CHEMBL1086292,Cc1nc(-c2cccs2)sc1-c1ccc2cc(CCN3CCCC3C)ccc2n1,1
5.468521082957745,CHEMBL4646247,N=c1nc(N2CCC(N(CCc3ccc(Cl)cc3)Cc3cc(F)ccc3F)CC2)[nH][nH]1,1
4.636952405478906,CHEMBL561805,CN(C)C(=O)c1ccc(C2=CC3(CCNCC3)Oc3ccccc32)cc1,0
4.838631997765025,CHEMBL3973288,CC(C)Cc1cc(CNS(=O)(=O)c2cccc(F)c2)nn1-c1ccccc1,0
5.552841968657781,CHEMBL597737,Fc1ccccc1-c1ccc2oc(N3CCN4CCC3CC4)nc2n1,1
5.381951903287908,CHEMBL2347988,CC(C)(C)NC(=O)c1c[nH]c2ncc(-c3nn(CCC(O)CO)c4ccc(OC(F)F)cc34)nc12,1
5.3979400086720375,CHEMBL3128199,N=c1[nH]c2c(s1)CCC2C(=O)Nc1ccc(CC2CCC(C(O)c3cccc(F)c3)N2)cc1,1
4.522878745280337,CHEMBL3355544,OC1CCC(N=c2ccn3ncc(-c4cccc(OC(F)(F)F)c4)c3[nH]2)CC1,0
5.045757490560675,CHEMBL494406,Cc1cncc(-c2c(C)c(CNC3CCCC3)nn2-c2ncccc2Cl)c1,1
6.154901959985743,CHEMBL3605123,OCCCCCOc1ccc2ncc(F)c(CCC34CCC(NCc5ccc6c(n5)N=C(O)CO6)(CC3)CO4)c2n1,1
5.036212172654444,CHEMBL3605010,NC(=O)C(F)(F)CCOc1ccc2ncc(F)c(CCC34CCC(NCc5ccc6c(n5)N=C(O)CO6)(CC3)CO4)c2n1,1
4.600000074606178,CHEMBL2023922,CCc1cc(-c2n[nH]c(=NCCCN3CCCCC3)o2)ccc1NC(=O)c1ccccc1F,0
5.6777807052660805,CHEMBL4519670,CCC(CC)CN=c1c(C(N)=O)c[nH]c2ccc(-c3ccc(CS(C)(=O)=O)cc3)cc12,1
6.0,CHEMBL4591582,Cc1nccn1CC(=O)NC1CCN(c2c(F)cc3c(=O)c(C(=O)O)cn(C4CC4)c3c2Cl)C1,1
5.97469413473523,CHEMBL451330,CNCc1ccc(Cl)cc1Oc1ccc(C)c(Cl)c1,1
4.522878745280337,CHEMBL3358954,CCS(=O)(=O)c1cc2cc(CC(O)(CC(C)(C)c3ccc(F)cc3C(N)=O)C(F)(F)F)[nH]c2cn1,0
4.301029995663981,CHEMBL4203179,CCN1CCC(N2CCc3nc(Nc4ncc(F)c(-c5cc(F)c6nc(C)n(C(C)C)c6c5)n4)ccc3C2)CC1,0
4.499999953328896,CHEMBL3925977,O=C(O)c1ccc2cccnc2c1N1CCN(CCc2ccc(OCCCN3CCCCCC3)cc2)CC1,0
6.0,CHEMBL3605117,CCOC(=O)CCCOc1ccc2ncc(F)c(CCC34CCC(NCc5ccc6c(n5)N=C(O)CO6)(CC3)CO4)c2n1,1
4.505845405981558,CHEMBL3314352,CN(C)Cc1ccc2c(c1)CCN(C(=O)c1cc3cc(Br)ncc3n1C)C2,0
4.42021640338319,CHEMBL4216925,CC(C)(O)COc1ccc(C(N)=O)c(OC2CCN(C(=O)Cc3ccc(OC(F)(F)F)cc3)CC2F)c1,0
6.096910013008056,CHEMBL1288675,N#Cc1ccc(CNC(=O)N(c2cccc(F)c2)C2CCN(CCC3(c4cccc(F)c4)CCN(C(=O)c4ccc(F)cc4O)CC3)CC2)cc1,1
5.8996294548824375,CHEMBL522843,CC(C)(C)OCCN1CCC(CNC(=O)c2cc(Cl)cc(Cl)c2)CC1,1
4.3979400086720375,CHEMBL1079263,O=C(c1cccc(Cl)c1Cl)N(C1=CCOC=C1)C1CCNC1,0
2.0999999998492527,CHEMBL491571,CC(O)C1C(=O)N2C(C(=O)O)=C(SC3CNC(CNS(N)(=O)=O)C3)C(C)C12,0
4.522878745280337,CHEMBL4570378,CCN=C1NC2C(OC(COC)C(O)C2O)S1,0
4.308918507877031,CHEMBL3314417,CNc1ccc(C=Cc2c(F)cccc2F)cc1,0
4.399999967876858,CHEMBL4244784,O=C(O)CC(CN1CCC(CCc2ccc3c(n2)NCCC3)C1)c1cccc(C2CCOC2)c1,0
4.3223930472795065,CHEMBL3596511,COc1ccccc1N1CCN(Cc2nc3c4cccc(OC)c4[nH]c(=N)n3n2)C(C)C1,0
4.522878745280337,CHEMBL2043011,Cc1cccnc1CN1CCC2(CC1)C(=O)N(c1ccc(-c3ccc(C(=O)O)cc3)cc1)C(=O)N2c1cc(O)ncn1,0
5.130768280269024,CHEMBL4075906,Cc1cc(N2CCC3(CCN(CC(O)c4ccc5c(c4C)COC5=O)CC3)C2=O)sn1,1
5.899998417198648,CHEMBL1079837,COc1ccc(C23CC2CN(CCCSc2nnc(-c4ocnc4C)n2C)C3)cc1,1
7.173925197299173,CHEMBL4081080,N=C(CC(O)c1cc2c(F)cc(F)cc2c2cc(C(F)(F)F)ccc12)NN=Cc1ccc(F)cc1,1
4.221848749616356,CHEMBL3233185,CCS(=O)(=O)CC1CC(N(C)C(C)C)CCC1N1CCC(NC(=O)c2cccc(-c3ccccc3)c2)C1=O,0
5.769551078621726,CHEMBL551924,O=C(CC1CCN(Cc2ccn(-c3ccc(C(F)(F)F)cc3)c2)CC1)NC(c1ccncc1)c1ccc(Cl)cc1,1
7.522878745280337,CHEMBL195180,Clc1ccc(-c2nc(COc3ccccc3CN3CCCCCCC3)cs2)cc1,1
6.6020599913279625,CHEMBL4437876,Cn1c(N2CCC3(CCCC3N)CC2)nc2n[nH]c(-c3cccc(Cl)c3Cl)c2c1=O,1
5.568636235841013,CHEMBL2012837,CCC(NCCCCC(Oc1cc(C)c(F)c(C)c1)C(=O)NO)c1ccc(F)cc1,1
5.0,CHEMBL4576165,CCOc1ccc2cc(-c3nn(CC4CCN(C)CC4)c4ncnc(N)c34)ccc2n1,0
6.299997602857746,CHEMBL1081685,Cc1ccc2c(-c3nnc(SCCCN4CC5CC5(c5ccc(C(F)(F)F)cc5)C4)n3C)cccc2n1,1
4.154901959985743,CHEMBL4110286,CCc1noc(-c2nnc3n2CCN(C(=O)c2ccc(F)cc2)C3C)n1,0
5.318758762624412,CHEMBL3422243,CC1SC(=N)NC2(c3ccc(F)cc3F)COC(c3cnn(C)c3)CC12,1
4.7447274948966935,CHEMBL1950490,Cn1c2c(c3cc(C(=O)N4CCCCC4)ccc31)CN(C1CCOCC1)CC2,0
5.0,CHEMBL3983684,CN1CCC(c2nnc(SCCCN3CCC4(CC4c4ccc(C(F)(F)F)cc4)C3)n2C)CC1=O,0
5.0,CHEMBL521327,Cc1nc2cnccc2c(=O)n1-c1ccc(OC2CCN(C3CCC3)CC2)cc1,0
6.167491087293763,CHEMBL492447,C1=C(c2ccccc2)c2ccccc2OC12CCNCC2,1
5.136677139879544,CHEMBL2059306,O=C1CCc2ccccc2N1CCCN1CCC(n2c(O)nc3ccccc32)CC1,1
4.920818753952375,CHEMBL4061345,Cc1c(C(O)CN2CCC3(CC2)CN(c2ccns2)C(=O)O3)ccc2c1COC2=O,0
7.321481620959886,CHEMBL216680,CC(=O)Nc1ccc(CN2CCC(NC(=O)c3cc(=O)c4ccc(F)cc4o3)CC2)cc1,1
7.161150909262744,CHEMBL4068450,CN1CCc2c(sc3c2c2ncnn2c(=O)n3Cc2ccc(Cl)cc2)C1,1
4.886056647693163,CHEMBL2326483,N=c1[nH]c2cc3c(cc2s1)CCN(Cc1ccccn1)CC3,0
4.300000029139089,CHEMBL4445992,c1cnc2c(=NCC3CCCNC3)[nH]c(-c3cc[nH]n3)cc2n1,0
4.221848749616356,CHEMBL3425926,O=c1ccc2ncc(F)c3c2n1CC3(O)CC12CCC(NCc3ccc4c(n3)NCCN4)(CC1)CO2,0
6.154901959985743,CHEMBL4645821,Cc1cc(N2CC3CCC(C2)C3N=c2nc3n([nH]2)CCCN3c2cc(F)cc(F)c2)ncn1,1
5.522878745280337,CHEMBL253868,Nc1ccc(-c2ccccc2)cc1NC(=O)c1ccc(CNC(=O)OCc2cccnc2)cc1,1
4.876148359032914,CHEMBL4554862,CCOc1cc(C(O)(CCN(C)C)C(c2cc3cc(Br)ccc3nc2OC)c2cccc3c2OCCO3)cc(OCC)n1,0
7.4089353929735005,CHEMBL3086035,O=C(NC(c1ccc(Cl)cc1)c1ccc(Cl)cc1)C1CCC(N2CCOCC2)CC1c1ccc(Br)cc1,1
4.318939756368188,CHEMBL4475126,CON=C1CCC(CN2CCN(c3nc(=O)c4cc(C(F)(F)F)cc([N+](=O)[O-])c4s3)CC2)CC1,0
4.657577319177793,CHEMBL2040896,Cc1cccnc1CN1CCC2(CC1)C(=O)N(c1ccc(-c3ccno3)cc1)C(=O)N2c1cc(O)ncn1,0
5.300000202445418,CHEMBL1258034,Cn1c(SCCCN2CCC3CC3(c3ccc(C(F)(F)F)cc3)CC2)nnc1-c1ccnnc1,1
5.0,CHEMBL3262028,COCCn1cc(-c2c(C)nc3c(N4CCOCC4)nccn23)cn1,0
5.853871964321762,CHEMBL556506,CC(C1=C(CCN(C)C)Cc2ccccc21)c1cnccn1,1
6.031517051446065,CHEMBL2036754,O=C(Nc1ccc(Cl)c(Cl)c1)N1CCN(CC2CCCN(CC3CC3)C2)CC1,1
4.958607314841775,CHEMBL2409309,CCOc1cc2[nH]cc(C(N)=O)c(=Nc3ccc(F)cc3F)c2cc1C1CCN(C)CC1,0
4.522878745280337,CHEMBL2029421,O=C(NCC(=O)N1CCC(NC2CCC(O)(c3ccc(-c4cnccn4)cn3)CC2)C1)c1cccc(C(F)(F)F)c1,0
4.221848749616356,CHEMBL3425802,CCc1cc2c(nc1CNC13CCC(CC4(O)Cn5c(=O)ccc6ncc(F)c4c65)(CC1)OC3)N=C(O)CO2,0
4.522878745280337,CHEMBL1802829,CN(C)S(=O)(=O)Nc1ccc2ccc3ncc(-c4cnn(C)c4)cc3c(=O)c2c1,0
4.197910742118268,CHEMBL3417767,COc1ccc(C(=O)Oc2ccc(S(=O)(=O)C3(C(=O)NO)CCC4(CCNCC4)C3)cc2)cc1,0
5.920818753952375,CHEMBL2017760,COCC(=O)NC1CCN(c2nc(C)c3cc(NC(=O)C=Cc4ccc(Cl)cc4)ccc3n2)CC1,1
5.0,CHEMBL4290066,C=CC(=O)NC1CCN(c2ccc(C(N)=O)c(Nc3ccc(C(=O)NC(C)(C)C)cc3)n2)C1,0
5.070581074285707,CHEMBL4164658,CC(OC(=O)N1CC2C(CNC(=O)c3ccc4nc(O)oc4c3)C2C1)c1cc(Cl)cc(Cl)c1,1
4.920818753952375,CHEMBL4441232,COc1cc(C(=O)N2CC(n3cc(C4CC4)nn3)CC2C(=O)NC2CCCCC2c2ccccc2)ccc1CN,0
4.481486060122113,CHEMBL3765355,O=C(NC1CCc2ccc(Oc3ccnc4c3CCC(O)=N4)cc2C1)c1cc(-c2cnc[nH]2)cc(C(F)(F)F)c1,0
7.443697499232713,CHEMBL564536,CCc1sc(CCc2cc(N3CCOCC3)cc(=NC(C)c3cc(Cl)cc(NC(=O)OC(C)C)c3)[nH]2)nc1C,1
6.599997654072044,CHEMBL395743,Cc1cc(-c2ccc3c(c2)CCN(CCCSc2nnc(-c4cccn4C)n2C)CC3)no1,1
5.638272163982407,CHEMBL4531643,NC(=O)c1c[nH]c2ccc(-c3cccnc3)cc2c1=NCC1CCOCC1,1
4.522878745280337,CHEMBL4435876,Fc1ccc(NN=Cc2ccc(-c3cccc(C=NNc4ccc(F)cc4)c3)cc2)cc1,0
5.251811972993799,CHEMBL250126,CC(=O)C1=NN2c3cc(Cl)ccc3OCC2C1(CCCN1CCN(C(C)=O)CC1)c1ccccc1,1
5.899998417198648,CHEMBL562624,O=C1N(CCN2CCC(C(F)(F)F)CC2)CCN1c1cccc(Cl)c1,1
5.42021640338319,CHEMBL556247,CN1CC2C(C1)C2CN(Cc1cccc(OC(F)(F)F)c1)C(=O)c1cn(C)cn1,1
5.769551078621726,CHEMBL3219276,CC(=O)Nc1cccc(C2CCN(Cc3ccc(C(=O)c4nc(C)c(C)n4-c4ccc(F)cc4)cc3)CC2)c1,1
5.920818753952375,CHEMBL2010836,CN(C(=O)Cc1ccc(-n2cnnn2)cc1)C1CCN(Cc2ccc(C(F)(F)F)cc2)CC1,1
5.920818753952375,CHEMBL58004,Cc1nc[n+]([O-])c(C)c1C(=O)N1CCC(C)(N2CCC(N(c3ccccc3)c3ccccc3)CC2)CC1,1
5.3979400086720375,CHEMBL4076989,CC(C)CN(CCc1ccc(Cl)cc1)C1CCN(c2nc(=N)[nH][nH]2)CC1,1
6.209996479609511,CHEMBL3908174,Cn1nccc1-c1nnc(SCCCN2CCC3(CC3c3ccc(C(F)(F)F)cc3)C2)n1C,1
4.585026652029182,CHEMBL3787261,COc1ccc(-c2nnc(C(=O)N3CC(Oc4ccc(CN5CCC(C)(O)C5)cc4)C3)o2)cc1,0
4.221848749616356,CHEMBL3425818,O=c1ccc2ncc(F)c3c2n1CC3(O)CC12CCC(NCc3cc4c(cn3)S(=O)(=O)CCO4)(CC1)CO2,0
4.906578314837765,CHEMBL2180033,CC1=NC(c2cccc(-c3cncc(Cl)c3)c2)(C2CC2)N=C1N,0
5.0,CHEMBL3237579,CCCc1nc(Nc2cc(=NCCN)[nH]nc2C(N)=O)ccc1OC,0
4.126057761505414,CHEMBL2325995,NC1(C(=O)NC(CCCN2CCOCC2)c2ccc(Cl)cc2)CCN(c2ncnc3[nH]ccc23)CC1,0
5.42021640338319,CHEMBL1829618,O=C(CNC(=O)c1cccc(C(F)(F)F)c1)NC1CN(C2CCC(c3cccnc3)CC2)C1,1
4.221848749616356,CHEMBL1090816,NC(c1ccccc1)C(O)(c1cccnc1)c1cccnc1,0
5.113509274827519,CHEMBL4087655,Cc1cccc(-c2cc3c(NC4CCC(C)(N)C4(C)C)c(C(N)=O)cnn3c2)c1,1
4.522878745280337,CHEMBL4518161,Cc1nn(-c2ccc(CN)cc2)c(C)c1-c1ccc(F)cc1,0
5.7447274948966935,CHEMBL3794510,O=C1OCc2cc(C=CC3CCN(C(=O)Cc4ccc(-n5cnnn5)cc4)CC3)ccc21,1
4.698970004336019,CHEMBL549509,CCCN(C(=O)c1ccccc1SC)C1CCNC1,0
5.136677139879544,CHEMBL1939747,CCOC(=O)Nc1ccc(C(c2ccc(C(=O)N(CC)CC)cc2)N2CCN(Cc3cscn3)CC2)cc1,1
4.823908740944319,CHEMBL521096,CCOc1cc2[nH]cc(C(N)=O)c(=Nc3ccc(C)cc3F)c2cc1N1CCN(C)CC1,0
7.356547323513813,CHEMBL2046892,Fc1ccc(N(CCNCCc2ccccc2)c2ccc(F)cc2)cc1,1
3.6989700043360183,CHEMBL3605558,CCn1c(C(C)NS(=O)(=O)c2ccc(C#N)nc2)nc2cnc(C3CC3)cc21,0
5.886056647693163,CHEMBL1824045,O=C1COc2ccc(-c3ccco3)cc2N1CCN1CCC(NCc2ccc3c(n2)N=C(O)CO3)CC1,1
4.886056647693163,CHEMBL4545593,CNC(C(=O)NC(Cc1ccccc1)(c1ccc(F)cc1)c1cc(F)cc(C(F)(F)F)c1)C(O)(C(F)(F)F)C(F)(F)F,0
5.899998417198648,CHEMBL3237571,CC(C)(C)c1cccc(Nc2cc(=NC3CCCCC3N)[nH]nc2C(N)=O)n1,1
4.795880017344075,CHEMBL4208124,Cn1cnc(-c2cnc(N)c(OC3CN(C(=O)Cc4ccc(OC(F)(F)F)cc4)CC3F)c2)c1,0
4.3979400086720375,CHEMBL638,CC(c1ncncc1F)C(O)(Cn1cncn1)c1ccc(F)cc1F,0
1.0,CHEMBL554,CS(=O)(=O)CCNCc1ccc(-c2ccc3ncnc(Nc4ccc(OCc5cccc(F)c5)c(Cl)c4)c3c2)o1,0
5.470000200122707,CHEMBL11,CN(C)CCCN1c2ccccc2CCc2ccccc21,1
5.853871964321762,CHEMBL3234873,CC(C)(O)c1ccc(-c2cc(C(N)=O)c(Nc3cccc(CN4CCOCC4)n3)s2)cc1,1
4.6899999882307535,CHEMBL163238,Cc1cccc(C)c1NC(=O)CC12CCCN1CCC2,0
6.443697499232713,CHEMBL3577937,CCCCC1CC(N(C)C(C)C)CCC1NC(=O)CNC(=O)c1cccc(C(F)(F)F)c1,1
5.0,CHEMBL3951811,CNC(=O)c1ccccc1N=c1[nH]c(Nc2ccc3c(c2OC)CCCC(N2CCN(CCO)CC2)C3)ncc1Cl,0
5.552841968657781,CHEMBL1084383,Cc1c(-c2ccc3cc(CCN4CCCC4C)ccc3n2)sc2ncnn12,1
5.119999756699334,CHEMBL3981856,Cn1c(SCCCN2CCC3(CC3c3ccc(C(F)(F)F)cc3)C2)nnc1-c1ccc(CC(N)=O)cc1,1
5.366531544420414,CHEMBL2164361,CC(C)(Cc1ccccn1)N1C(=O)c2ccccc2C1C(=O)NCc1ccc(OC(F)(F)F)cc1,1
3.679853713888946,CHEMBL3329811,O=C(OCC1CCN(CC2CCC(C(=O)O)C2)CC1)c1c2n(c3ccccc13)CCCO2,0
5.366531544420414,CHEMBL2147022,Cc1cc(C#N)ccc1-c1ccnc(NCc2[nH][nH]c3nc(=N)ccc2-3)c1,1
5.698970004336019,CHEMBL1951609,CC(C)=CCn1c(N2CCCNCC2)c(C#N)c2c1c(=O)n(Cc1nc(C)c3ccccc3n1)c(=O)n2C,1
5.40000018605658,CHEMBL1835067,Cc1cccc(N=c2[nH]c(NC3COCC3N)ncc2C(N)=O)c1,1
6.221848749616356,CHEMBL4534193,CC1OC2(CCN(CCc3cccc(F)c3)CC2)CN(c2ccccc2)C1=O,1
5.323306390375134,CHEMBL3609634,COc1cc(-c2cn(C3CSc4ccccc4N(CC(F)(F)F)C3=O)nn2)ccc1-n1cnc(C)c1,1
4.300000029139089,CHEMBL271073,Cc1nc2cc3c(cc2o1)CCN(CCCCSc1nnc(-c2ocnc2C)n1C)CC3,0
4.823908740944319,CHEMBL4170883,COCc1ccc(-c2cc3c(cc2F)ncc2c3n(C(C)C3CCOCC3)c(=O)n2C)cn1,0
5.431798275933005,CHEMBL1834779,C=CCn1[nH]c(=NCC(=O)NC2CN(C3CCC(C(=O)OCC)CC3)C2)c2cc(C(F)(F)F)ccc21,1
3.5228787452803374,CHEMBL2206288,c1cc(C2CC(CN3CCOCC3)C2)ccc1CN1CCCC1,0
3.85078088734462,CHEMBL3359265,Cc1nc2ccc(C(=O)N3CCC4(CC3)CC(=O)c3c(cnn3C(C)C)C4)cc2[nH]1,0
4.950781977329818,CHEMBL1684585,N=c1[nH]c(CC(=O)Nc2ccc(CC3CCC(C(O)c4ccccc4)N3)cc2)cs1,0
5.40000018605658,CHEMBL1835065,Cc1cccc(N=c2[nH]c(NC3CCOCC3N)ncc2C(N)=O)c1,1
5.107905397309519,CHEMBL2164389,O=C(NCc1ccc(OC(F)(F)F)cc1)C1c2ccccc2C(=O)N1CCc1ccccn1,1
6.0,CHEMBL4471357,Cc1cc(C)n(CC(=O)NC2CCN(c3c(F)cc4c(=O)c(C(=O)O)cn(C5CC5)c4c3Cl)C2)n1,1
4.761953896871205,CHEMBL4456157,COc1cc(F)cc2c1nnc1c2c(-c2ccncc2C)nn1C,0
4.481486060122113,CHEMBL3127689,O=C(N1CCCN(C2CCC2)CC1)N1CCC2(CCCN(S(=O)(=O)c3ccccc3)C2)C1,0
5.161150909262744,CHEMBL3907479,Cc1nc2ccc(-n3ncc(C(=O)c4cc5ccccc5[nH]4)c3N)cc2[nH]1,1
4.0,CHEMBL3330817,COc1ccc(-n2cnc3c(-c4ccccc4F)csc3c2=O)cc1,0
4.221848749616356,CHEMBL1090795,CC(N1CCOCC1)C(O)(c1cccnc1)c1cccnc1,0
5.0,CHEMBL3758721,COc1cc(N)c(Cl)cc1C(=O)NC1CCN(CCn2cccc2)CC1OC,0
6.376750709602099,CHEMBL3787112,Nc1ncnc2c1c(-c1cccc(O)c1)cn2C1CC(CN2CCC2)C1,1
5.720000163638921,CHEMBL270969,COc1ccccc1Oc1ccccc1CN1CCC2(CC1)CCN(C(=O)c1cccc[n+]1[O-])CC2,1
5.663540266151471,CHEMBL565073,O=C(CC1CCN(Cc2ccn(-c3ccc(C(F)(F)F)cc3)c2)CC1)NC(c1ccc(F)cc1)c1cccnc1,1
4.777283528852417,CHEMBL2180018,COc1cccc(-c2cccc(C3(C)N=C(C)C(N)=N3)c2)c1,0
5.080921907623926,CHEMBL2333627,CN1CCC(COCc2cc(C(F)(F)F)cc(N3CCC(C#N)C3)n2)(c2ccc(F)cc2)CC1,1
5.100000128334196,CHEMBL2069421,COc1ncc(-c2cccc3c2CC(NC(=O)c2ccc(OCC(F)(F)F)nc2)CO3)cn1,1
5.187086643357144,CHEMBL1782576,CCOC1COCCC1NC1CCC(C(=O)N2CCN(c3cc(C(F)(F)F)ccn3)CC2)(C(C)C)C1,1
5.954242943734024,CHEMBL572558,N#Cc1ccc(-c2cnc3nc(N4CCC(N5CCCCC5)CC4)sc3c2)cc1,1
7.019996628416254,CHEMBL4063163,CCCCc1cc(OC2CCN(CCCCS(=O)(=O)NCCC)CC2)c2ncccc2c1,1
6.72584215073632,CHEMBL1094029,O=C(Nc1ccccc1)N(c1ccc(Br)cc1)C1CCN(C2CCCC2)CC1,1
5.800000874803203,CHEMBL256481,Cc1ccc2c(-c3nnc(SCCCCN4CCc5cc6nc(C)oc6c(C)c5CC4)n3C)cccc2n1,1
5.958607314841775,CHEMBL237336,CC(c1ccc(-c2ccc(F)cc2)cc1)C(N)C(=O)N1CCC(F)C1,1
5.431798275933005,CHEMBL2016776,Cc1nc(N2CCC(N3CCCC3=O)CC2)nc2ccc(NC(=O)COc3ccc(OC(F)(F)F)cc3)cc12,1
5.040958607678906,CHEMBL1834719,CCOC(=O)C1CCC(N2CC(NC(=O)CN=c3[nH][nH]c4ccc(C(F)(F)F)cc34)C2)CC1,1
5.0,CHEMBL225335,COCCOCC#Cc1cc(-c2[nH]nc3c2Cc2ccc(CN4CCN(C)CC4)cc2-3)cs1,0
9.2839966563652,CHEMBL1257937,Cc1cccc(CN2C3CCC2CC(Oc2cccc(C(N)=O)c2)C3)c1,1
4.85078088734462,CHEMBL4097890,COc1ccc2ncc(F)c(C(O)CCC3CCN(C4CC(c5cc(F)cc(F)c5)C4)CC3C(=O)O)c2c1,0
8.707743928643524,CHEMBL3422971,COc1cc2nccc(CCC34CCC(NCc5ccc6c(n5)N=C(O)CO6)(CC3)CO4)c2nc1C#N,1
5.0,CHEMBL1668257,O=C(Nc1ccc(-c2nn[nH]n2)cc1F)C(C1CCCCC1)n1c(-c2ccc(Cl)cc2)nc2cc(F)c(F)cc21,0
4.619788758288394,CHEMBL3785621,COc1ccc2c(c1C)C(=O)N(Cc1ccccc1-c1ccccc1)C2C(=O)NC(C)(C)C,0
4.300000029139089,CHEMBL3769933,Cc1c2c(nn1-c1nnc(-c3ccc(OC(C)C)c(Cl)c3)s1)CCN(CCC(=O)O)C2,0
5.113509274827519,CHEMBL3582340,CCn1cc(C2(c3nn(C(C)C)c(=O)o3)NC(c3ncc(-c4ccc(F)cn4)[nH]3)Cc3c2[nH]c2ccccc32)cn1,1
4.200000030616179,CHEMBL2022738,COc1cc(NC(=O)c2ccccc2F)ccc1-c1n[nH]c(=NCCCCN2CCOCC2)o1,0
5.0,CHEMBL3221517,O=C(Nc1ccc(Cl)cn1)C(CN1CC(O)C1)Oc1ncnc2c1cnn2-c1ccccc1Cl,0
5.0,CHEMBL2165083,C#CCCCCCCCCCNC(=O)Oc1cccc(-n2ccc(C(N)=O)c2)c1,0
6.679999195735272,CHEMBL3946901,Cn1c(SCCCN2CCC3(CC3c3ccc(C(F)(F)F)cc3)C2)nnc1-c1ccccn1,1
5.084072788302884,CHEMBL1084577,Fc1cccc(C(Cc2ccccc2OC(F)F)N2CCNCC2)c1,1
5.200000237109354,CHEMBL560715,CC(C)N1CCN(CCN2CCN(c3cccc(Cl)c3)C2=O)CC1,1
4.356547323513813,CHEMBL4457286,CC(C)Oc1cc(C(Cc2ccccc2)(NC(=O)C(N)C(O)(C(F)(F)F)C(F)(F)F)c2cc(F)cc(OC(F)(F)C(F)F)c2)ccc1F,0
5.499999678657065,CHEMBL3774649,Cn1c(SCCCN2CC3CCN(c4ccccc4)C3C2)nnc1C1CCOCC1,1
6.096910013008056,CHEMBL3604802,COc1ccc2ncc(F)c(CCC34CCC(NCc5ccc6c(n5)N(C)C(=O)CO6)(CC3)CO4)c2n1,1
5.301029995663981,CHEMBL1683444,CC(CC(CS(=O)(=O)N1CCC(OCc2ccc(Cl)cc2Cl)CC1)N(O)C=O)c1ncc(F)cn1,1
5.886056647693163,CHEMBL1951603,CC#CCn1c(N2CCCC(N)C2)c(C#N)c2c1c(=O)n(CC(=O)c1cccc(OC)c1)c(=O)n2C,1
7.327902142064283,CHEMBL1760226,COc1ccc(C2CN(CCc3cccc(OC)c3)CC2CNC(=O)c2cccc(Cl)c2)cc1,1
5.221848749616356,CHEMBL4533113,Cn1c(N2CCC(C)(CN)CC2)nc(N)c(Sc2cccc(Cl)c2Cl)c1=O,1
4.481486060122113,CHEMBL3785257,CC(=O)OC(C(=O)N1N=CCC1C(=O)NCc1cc(Cl)ccc1-n1cnnn1)c1ccc(F)cc1,0
5.100000128334196,CHEMBL2022500,CC1CCC(C)N1CCCN=c1[nH]nc(-c2ccc(NC(=O)c3ccccc3F)cc2)o1,1
5.318758762624412,CHEMBL1088949,Cc1[nH]c2ccccc2c1CCN1Cc2ccc(C=CC(=O)NO)cc2C1,1
4.221848749616356,CHEMBL3289792,N=c1[nH]ccn1CC(O)c1ccc(Cl)cc1F,0
5.221848749616356,CHEMBL1085397,CC1CCCN1CCc1ccc2nc(-c3c(-c4ccccc4)nn(C)c3Cl)ccc2c1,1
5.801342913045578,CHEMBL3609627,COc1cc(-c2cn(C3CCc4ccccc4N(CC4CC4)C3=O)nn2)ccc1-n1cnc(C)c1,1
7.522878745280337,CHEMBL4173370,COC(=O)c1ccc2c(c1)N=C(O)C2=C(Nc1ccc2c(c1)N(C(=O)CN1CC(C)OC(C)C1)CC2)c1ccccc1,1
4.70000006855703,CHEMBL3288029,Cc1csc(C(=O)NC2CCC(NC(=O)c3cc(F)cnc3Oc3cccc(-c4ccc(CN5CC(C)NC(C)C5)cc4CN4CCOCC4)c3)CC2)n1,0
5.205511953340831,CHEMBL1779005,COc1cc(F)ccc1-c1cccc(CNC2CCCC2)n1,1
6.0,CHEMBL1257215,Cc1ncoc1-c1nnc(SCCCN2C3CCC2CC(c2ccc(C(C)(C)C)cc2)C3)n1C,1
4.3979400086720375,CHEMBL512896,Cc1ccccc1C1CCN(CC2CCc3cccnc3C(O)C2)CC1O,0
4.823908740944319,CHEMBL2204255,Cn1ccnc1C1(O)CCC(N2CC(NC(=O)CNC(=O)c3cccc(C(F)(F)F)c3)C2)CC1,0
5.236572006437063,CHEMBL4097247,COCCC(=O)N1CCOC(c2nc(-c3ccc(C(=O)Nc4cc(C(F)(F)F)ccn4)cc3)c3c(N)nccn23)C1,1
4.522878745280337,CHEMBL1935426,O=S1(=O)CCC(COc2ccc3c(c2)CCC2(CCN(C4CCC4)CC2)O3)CC1,0
5.119186407719209,CHEMBL2010843,CN(C(=O)Cc1ccc(-n2cnnn2)cc1)C1CCN(Cc2nc3c(s2)CCCC3)CC1,1
5.173925197299174,CHEMBL1951600,CC(C)=CCn1c(N2CCCC(N)C2)c(C#N)c2c1c(=O)n(Cc1nc(C)c3ccccc3n1)c(=O)n2C,1
5.0,CHEMBL1673059,NC(=O)C1CCN(c2c(Cl)cncc2Cl)CC1,0
3.9926790470772553,CHEMBL3330226,O=c1nc(N2CCN(CC3CCCCC3)CC2)sc2c([N+](=O)[O-])cc(C(F)(F)F)cc12,0
4.7447274948966935,CHEMBL1834791,Cc1ccc(C2CCC(N3CC(NC(=O)CN=c4[nH]n(C)c5ccc(C(F)(F)F)cc45)C3)CC2)cn1,0
4.638272163982407,CHEMBL3359262,CC(C)n1ncc2c1C(=O)CC1(CCN(C(=O)c3ccc4n[nH]cc4c3)CC1)C2,0
4.0,CHEMBL3819512,CN1CCC(S(=O)(=O)c2c(Cl)ccc(NC(=O)Nc3cccc(F)c3Cl)c2O)CC1,0
5.154901959985743,CHEMBL2010853,CN(C(=O)Cc1ccc(S(C)(=O)=O)cc1)C1CCN(Cc2nc3cc(F)ccc3s2)CC1F,1
4.698970004336019,CHEMBL4556293,COCCN1CCOc2c1cnn1c(-c3ccc4cccc(NCC5CCNCC5)c4n3)nnc21,0
5.431798275933005,CHEMBL3754258,COc1ccc2ncc(F)c(C(=O)CC34CCC(NCc5ccc6c(n5)N=C(O)CO6)(CC3)CO4)c2n1,1
4.698970004336019,CHEMBL3580776,NC(CC(=O)N1CC(O)=Nc2ccccc2C1)C1CCc2cc(F)c(F)cc21,0
4.091514981121351,CHEMBL1916544,COc1ncc2ncc(=O)n(CCN3CCC(NCc4cc5c(cn4)OCCO5)CC3)c2n1,0
4.325138859262188,CHEMBL1837038,COC(=O)N1Cc2cc(Cl)ccc2-n2c(nnc2C2CCN(c3ccccn3)CC2)C1,0
5.236572006437063,CHEMBL3263282,O=C(N1CCc2ncc(C(F)(F)F)cc2C1)C12CCOC1CC(N1CCC(c3ccccc3)CC1)C2,1
4.657577319177793,CHEMBL3787394,COc1ccc(-c2nnc(C(=O)N3CC(Oc4ccc(CN5CC6(COC6)C5)cc4)C3)o2)cc1,0
7.485452247339714,CHEMBL570593,CC(C)(Cc1ccc2ccccc2c1)NCC(O)COc1ccc(CCC(=O)O)cc1C#N,1
5.0,CHEMBL4166194,CCCCC(CCO)N=c1[nH]c(=N)[nH]c2cccc(F)c12,0
5.0,CHEMBL560584,O=C(NCCc1ccccn1)C1CCN(Cc2ccn(-c3ccc(C(F)(F)F)cc3)c2)CC1,0
4.600000074606178,CHEMBL480219,CC1CN(Cc2ccc(-n3ccnc3C(=O)N3CCC(Nc4cccc(F)c4)CC3)cc2)CC(C)N1,0
4.522878745280337,CHEMBL2170608,COCC(=O)N1CCC(c2ccc(C(=O)NC(=N)N)cc2C(F)(F)F)CC1,0
5.031517051446065,CHEMBL2164384,O=C(NCc1ccc(Br)cc1)C1c2ccccc2C(=O)N1CCc1ccccn1,1
5.379863945026242,CHEMBL272679,Cc1cc(C)n(-c2cc(NC(=O)CC3CCN(C)CC3)nc(-c3ccc(C)o3)n2)n1,1
5.522878745280337,CHEMBL1172999,CC(Oc1ccc(S(C)(=O)=O)cc1C(=O)N1CCN(c2ccc(C#N)cc2F)CC1)C(F)(F)F,1
5.180456064458132,CHEMBL3822858,COc1nn(C2CCN(C(C)=O)CC2)cc1Nc1ncc(Cl)c(-c2cnc3ccccn23)n1,1
6.769551078621726,CHEMBL4079561,CCOC(=O)C1=C(CN2CCOCC2)NC(c2nccn2C)=NC1c1ccc(F)cc1Br,1
6.0999990348465305,CHEMBL562833,CC1(C)C2CCC13CCN(CCN1CCN(c4cccc(Cl)c4)C1=O)C3C2,1
4.035740369803151,CHEMBL451887,CC(C)CC(NC(=O)C(CCc1ccccc1)NC(=O)CN1CCOCC1)C(=O)NC(Cc1ccccc1)C(=O)NC(CC(C)C)C(=O)C1(C)CO1,0
5.431798275933005,CHEMBL3605138,NC1(COc2ccc3ncc(F)c(CCC45CCC(NCc6ccc7c(n6)N=C(O)CO7)(CC4)CO5)c3n2)CC1,1
4.481486060122113,CHEMBL3291423,Cc1cnc2c(C(=O)NCCO)cn(Cc3ncnc(N(C)C)c3C)c2c1,0
6.900008766455316,CHEMBL3775604,Cn1c(SCCCN2CC3CCN(c4ccc(C(F)(F)F)cc4)C3C2)nnc1-c1cccnc1,1
4.522878745280337,CHEMBL3958173,CCc1cc2c(cc1N1CCN(CC3(O)CCOCC3)CC1)C(C)(C)c1[nH]c3cc(C#N)ccc3c1C2=O,0
5.0,CHEMBL556487,O=C(NC1CC1c1ccccc1)N1CCC(c2nc(-c3ccncc3)no2)CC1,0
7.939302159646388,CHEMBL206081,COc1ccc2c(=O)cc(C(=O)NC3CCN(Cc4ccc5c(c4)OCO5)CC3)oc2c1,1
6.0,CHEMBL4452042,CC1OC2(CCN(CCc3ccccc3)CC2)CN(c2ccccc2Cl)C1=O,1
4.886056647693163,CHEMBL2203713,NC(=Nc1ccc2c(c1)CCN2C1CCNCC1)c1cccs1,0
4.600000074606178,CHEMBL3221529,O=C(Nc1ccc(F)cn1)C(CN1CC(O)C1)Oc1ncnc2c1cnn2-c1c(F)cccc1Cl,0
5.113509274827519,CHEMBL4127190,CC12CCCCC1CC(N1CCCC(N)C1)C2Oc1ccc(C#N)cc1,1
5.0,CHEMBL4169912,O=C(NCC1C2CN(C(=O)OCc3cc(Cl)cc(Cl)c3)CC12)c1ccc2nc(O)oc2c1,0
5.327902142064283,CHEMBL2146882,CS(=O)(=O)c1cc(CCN2CCN(CCc3ccc4c(c3)COC4=O)CC2)ccc1C#N,1
7.301029995663981,CHEMBL1834851,Cn1ccc(C2CCC(N3CC(NC(=O)CN=c4[nH]n(C)c5ccc(C(F)(F)F)cc45)C3)CC2)n1,1
5.585026652029182,CHEMBL2325983,NC1(C(=O)NC(c2ccc(Cl)cc2)C2CC2)CCN(c2ncnc3[nH]ccc23)CC1,1
4.494850021680094,CHEMBL2336318,COc1ccc(-c2ccc3c(N4CCOCC4C)nc(-n4ccnc4)nc3n2)cc1CO,0
4.6020599913279625,CHEMBL4452711,O=C(N=c1cc[nH]cc1)c1cn(Cc2ccc(Cl)c(Cl)c2)c(=O)c2cnn(C3CCNCC3)c12,0
5.853871964321762,CHEMBL2158629,CCN(CC)CCSc1nc(-c2cc(OC)c(Cl)cc2Cl)c2c(C#N)c[nH]c2n1,1
4.481486060122113,CHEMBL4563459,Cc1cc(-c2ccc(C(=O)C3CCCCC3C(=O)Nc3cnn(C)c3C(=O)NOC(C)(C)C)cc2)n[nH]1,0
8.3767507096021,CHEMBL3422963,COc1nc2c(CCC34CCC(NCc5ccc6c(n5)N=C(O)CO6)(CC3)CO4)ccnc2cc1Cl,1
6.301029995663981,CHEMBL4593220,CC1OC2(CCN(CCc3ccccc3)CC2)CN(c2cncc(C(F)(F)F)c2)C1=O,1
4.920818753952375,CHEMBL4091582,CC1(N)CCC(Nc2c(C(N)=O)cnn3cc(-c4ccc(C#N)cc4)cc23)C1(C)C,0
5.3872161432802645,CHEMBL4466132,CCNC(=O)C1CCC2(C)CCC3c4ccc(OCCCN5CCCC5C)cc4CCC3C12,1
4.481486060122113,CHEMBL2029734,CN(CCCC(=O)NC1COC1)C(=O)c1ccc2c(c1)c1c(n2C)CCC(C2CCOCC2)C1,0
5.161150909262744,CHEMBL4279547,CCCCC(CCO)N=c1[nH]c(=N)[nH]c2c1CN(C(=O)c1cccs1)CC2,1
6.3979400086720375,CHEMBL4086348,CC1(C(=O)N2CC(c3nc(-c4ccc(C(=O)Nc5cc(C(F)(F)F)ccn5)cc4)c4c(N)nccn34)C2)COC1,1
4.920818753952375,CHEMBL2333634,CC(C)Cc1cc(C(F)(F)F)cc(COCC2(c3ccc(F)cc3)CCN(C)CC2)n1,0
4.481486060122113,CHEMBL3127692,CC(C)S(=O)(=O)N1CCC2(CCN(C(=O)N3CCCN(C4CCC4)CC3)C2)CC1,0
5.0,CHEMBL4634438,COc1cc(C(O)(CCN(C)C)C(c2cccc(C)c2)c2cc3cc(Br)ccc3nc2OC)cc(OC(C)C)n1,0
5.356547323513812,CHEMBL2059322,O=C1COc2ccccc2N1CCCN1CCC(n2c(O)nc3ccc(F)cc32)CC1,1
4.853871964321762,CHEMBL4548927,COCc1ccc(-c2ccc3[nH]cc(C(N)=O)c(=NC(C)c4ccn(C)n4)c3c2)c(F)n1,0
5.585026652029182,CHEMBL299499,N=C(Nc1ccc(I)cc1)NC12CC3CC(CC(C3)C1)C2,1
4.273272790973428,CHEMBL3402185,O=c1ccc2ncc(Cl)c3c2n1CC3(O)CC12CCC(NCc3ccc4c(n3)N=C(O)CO4)(CC1)CO2,0
4.481486060122113,CHEMBL3127672,CC(C)N1CCN(C(=O)C2CC23CCN(C2CCOCC2)CC3)CC1,0
5.619788758288394,CHEMBL3622105,Cc1c(C(O)CN2CCC3(CC2)CCN(c2ccc(C#N)cn2)C3)ccc2c1COC2=O,1
5.823908740944319,CHEMBL1809059,COc1cc(N2CC3CN(CCO)CC(C2)O3)ccc1Nc1ncc(Cl)c(-c2cnc3ccccn23)n1,1
4.522878745280337,CHEMBL3622203,CC(Oc1nc(-c2cnn(C(F)F)c2)cc2ncsc12)C1CN=C(O)O1,0
4.522878745280337,CHEMBL4472682,CNC(=O)C1CC(N2CCc3c(cccc3OC)C2)CN1C(=O)c1ccc(CN)c(OC)c1,0
4.853871964321762,CHEMBL2035000,O=C(Nc1ccc(Cl)cc1)N1CCN(CC2CCCN(C3CC3)C2)CC1,0
4.1249387366083,CHEMBL1091879,CC(C)C(N1CCOCC1)C(O)(c1cccnc1)c1cccnc1,0
5.0,CHEMBL4084893,CCOC(=O)C1=C(CN2CCCCC2C(=O)O)NC(c2nccs2)=NC1c1ccc(F)cc1Br,0
4.522878745280337,CHEMBL1097840,CC1(C)CC(NC(=O)c2n[nH]c3c2CCC3)c2cc(-c3ccc(Cl)cc3)c(-c3ccc(Cl)cc3Cl)nc2O1,0
5.408824049688208,CHEMBL2325216,C[n+]1c(C#Cc2ccccc2Cl)cccc1C#Cc1ccccc1Cl,1
4.450996737974212,CHEMBL3582330,Cn1cc(C2(c3n[nH]c(=N)o3)NC(c3ncc(-c4ccc(F)cn4)[nH]3)Cc3c2[nH]c2ccccc32)cn1,0
6.200659450546418,CHEMBL1095554,CC1(C)CC(NC(=O)c2ccc3n[nH]cc3c2)c2cc(-c3ccc(Cl)cc3)c(-c3ccc(Cl)cc3Cl)nc2O1,1
4.200000030616179,CHEMBL2022729,O=C(Nc1ccc(-c2n[nH]c(=NCCCCN3CCOCC3)o2)cc1)c1ccccc1F,0
6.036212172654444,CHEMBL2407171,CCOC(=O)N1CCC(CN2CCC3(CC2)OC(O)=Nc2ncccc23)CC1,1
4.958607314841775,CHEMBL4644729,CC(N=c1[nH]c2c(cnn2C(C)(C)C)c(=O)n1Cc1ccc(F)cc1)c1ccc(Cl)cc1,0
5.0,CHEMBL2010848,CN(C(=O)Cc1ccc(-n2cnnn2)cc1)C1CCN(Cc2ccc(C(F)(F)F)cn2)CC1F,0
5.251811972993799,CHEMBL4455587,Fc1ccc(-c2nc(N3CCCC3)sc2-c2ccnc(Nc3ccc(N4CCNCC4)cc3)n2)cc1,1
5.85078088734462,CHEMBL223943,CC#Cc1cc(-c2[nH]nc3c2Cc2cc(CN4CCN(C)CC4)ccc2-3)cs1,1
5.00436480540245,CHEMBL561396,Cc1ccc(-n2c(-c3ncccc3Cl)nc(CNC3CCCC3)c2C(C)C)cn1,1
5.173925197299174,CHEMBL437728,CN(C(=O)c1ccc(-c2ccc(F)cc2)cc1)C1CCc2cc(CN3CCN(C(N)=O)CC3)ccc2C1,1
4.474955192963154,CHEMBL2314056,O=C(N1CCc2ncc(C(F)(F)F)cc2C1)C12CCCC1CC(NC1CCCC1)C2,0
4.698970004336019,CHEMBL2386114,O=C(O)c1cccc(CN2C(=O)C(=C(c3ccccc3)c3ccc(Cl)cc3)c3ccccc32)c1,0
4.769551078621726,CHEMBL3822962,CCc1c(Nc2ncc(Cl)c(-c3cnn4ccccc34)n2)cnn1C1CCN(C(C)=O)CC1,0
5.0,CHEMBL2012838,CCC(NCCCCC(CC(OC)c1ccc(F)cc1)C(=O)NO)c1ccc(F)cc1,0
4.481486060122113,CHEMBL4091821,Cc1nnc2sc(C(=O)NCc3ccc(-c4cccnc4F)cc3)c(N)c2c1C,0
4.6020599913279625,CHEMBL4581650,N=c1[nH]c2ccc(C(=O)NCc3ccc(C(=O)NCc4ccccc4)cc3)cc2s1,0
4.481486060122113,CHEMBL3291427,COc1cnc2c(C(=O)NCCO)cn(Cc3ncnc(OC)c3C)c2c1,0
4.481486060122113,CHEMBL473417,CS(=O)(=O)c1ccc(C(=O)Nc2ccc(Cl)c(-c3ccccn3)c2)c(Cl)c1,0
4.6020599913279625,CHEMBL4581912,CC(O)(COc1ccccc1C(F)(F)F)C(=O)Nc1ccc(S(F)(F)(F)(F)F)cc1,0
4.481486060122113,CHEMBL3786440,COCCOCCNC(=O)C1c2cc(F)ccc2C(=O)N1CC(C)c1ccc(Cl)cc1,0
5.508638306165727,CHEMBL1834639,Cn1[nH]c(=NCC(=O)NC2CN(C3CCC(C4CCCCC4)CC3)C2)c2cc(C(F)(F)F)ccc21,1
6.995678626217358,CHEMBL3774791,Cc1ccc(-c2cnc(C3Cc4c([nH]c5ccccc45)C(C4CCOCC4)N3)[nH]2)cc1,1
4.5003129173815966,CHEMBL4076939,NC(=O)c1cnc(N(CCO)C2CCCNC2)c2cc(-c3ccccc3)sc12,0
6.431798275933005,CHEMBL523167,CN(CCc1ccc(Cl)c(Cl)c1)CC(O)COc1ccc(NS(C)(=O)=O)cc1,1
5.175223537524454,CHEMBL1819141,CCCN(CCc1c[nH]c2ccccc12)Cc1ccc(C=CC(=O)NO)cc1,1
5.853871964321762,CHEMBL3628220,CS(=O)(=O)c1ccc(-c2cnn3ccc(-c4cccc(S(=O)(=O)C5CC5)c4)cc23)cc1,1
4.0,CHEMBL4215407,Cc1cc(COc2ccc(S(=O)(=O)N(C)C3(C(=O)NO)CN(C(=O)C(C)C)C3)cc2)c2ccccc2n1,0
4.3979400086720375,CHEMBL3398278,CC(C)N1Cc2cc(-c3cc(-c4ccc(Cl)nc4)no3)ccc2C1=O,0
6.97061622231479,CHEMBL2324263,Cc1ccc(COCc2cccc(COCc3ccc(C)cc3)[n+]2C)cc1,1
4.900000142057633,CHEMBL4554389,Cc1nn(C)cc1NC(=O)C1CCCCC1C(=O)c1ccc(-c2cc[nH]n2)cc1,0
4.690369832574102,CHEMBL1084559,Cc1nc(C)c(-c2ccc3cc(CCN4CCCC4C)ccc3n2)s1,0
3.0,CHEMBL70,CN1CCC23c4c5ccc(O)c4OC2C(O)C=CC3C1C5,0
4.522878745280337,CHEMBL4536105,COc1ncc(-c2cc(OCCCCCCC(=O)NO)c3ncnc(C)c3c2)cc1F,0
4.481486060122113,CHEMBL1946619,CCN(CC)C(=O)c1ccc(C(=C2CCNCC2)c2ccccn2)cc1,0
5.657577319177793,CHEMBL4102858,COc1ccc(Cn2c(=O)n3ncnc3c3c4c(sc32)CN(CC2CCOCC2)CC4)cc1,1
5.1487416512809245,CHEMBL2041181,COc1cc(N2C(=O)N(c3ccc(-c4ccc(C(=O)O)cc4C)nc3)C(=O)C23CCN(Cc2ncccc2C)CC3)ncn1,1
4.200000030616179,CHEMBL3953018,N#Cc1ccc(N2CCN(CCc3ccc(OCCCN4CCCCCC4)cc3)CC2)c2ncccc12,0
4.6777807052660805,CHEMBL3218888,COCCN1CCCC(Cn2c(-c3cccnc3C)nc3cn(-c4ccc(C#N)cc4)nc3c2=O)C1,0
5.259637310505756,CHEMBL2333605,FC(F)(F)c1cc(COCC2(c3ccccc3)CCNCC2)nc(C2CC2)c1,1
5.040958607678906,CHEMBL4168028,CCCC(CCO)N=c1[nH]c(=N)[nH]c2cc(F)ccc12,1
4.481486060122113,CHEMBL2312922,COc1ccc(-c2ncccc2NP(=O)(c2ccccc2)c2ccccc2)cc1,0
5.7447274948966935,CHEMBL214122,OC1=NCC(c2ccccc2)C12CCN(C1CCCCC1(O)c1ccc(F)cc1)CC2,1
4.900000142057633,CHEMBL2022730,O=C(Nc1ccc(-c2n[nH]c(=NCCCCN3CCCOCC3)o2)cc1)c1ccccc1F,0
4.494850021680094,CHEMBL3628128,N=C1/N=C(/O)C2CCCN2c2ccc(cc2)OCCCCCCNC/C(O)=N\c2c(Cl)cc(cc2Cl)CN1,0
4.481486060122113,CHEMBL2326485,N=c1[nH]c2cc3c(cc2s1)CCN(Cc1ccncc1)CC3,0
5.200000237109354,CHEMBL3237557,CCCc1cccc(Nc2cc(=NC3CCCCC3N)[nH]nc2C(N)=O)n1,1
4.769551078621726,CHEMBL1782377,COC1COCCC1N(C)C1CCC(C(=O)N2CCN(c3cc(C(F)(F)F)ccn3)CC2)(C(C)C)C1,0
4.392791683216847,CHEMBL4445189,O=C(CCCS(=O)(=O)c1ccccc1)Nc1nc(O)ncc1F,0
4.698970004336019,CHEMBL1834781,CCOC(=O)C1CCC(N2CC(NC(=O)CN=c3[nH]n(C(N)=O)c4ccc(C(F)(F)F)cc34)C2)CC1,0
6.367542707815276,CHEMBL2347420,CC(C)(C)NC(=O)c1c[nH]c2ncc(-c3nn(CCCS(C)(=O)=O)c4ccc(OC(F)F)cc34)nc12,1
5.1938200260161125,CHEMBL3084776,CC1CNCC(C)N1c1nc2c(C(=O)NC3CC4CCCC(C3)N4C)cccc2o1,1
4.443697499232712,CHEMBL1089865,Cc1ccc(C(=O)NC2CC2)cc1-c1cc2cnn(-c3c(F)cccc3F)c2n(C)c1=O,0
5.793713955587568,CHEMBL2324250,c1ccc(CCc2cccc(CCc3ccccc3)n2)cc1,1
5.504455662453552,CHEMBL4524656,CC(C)Cc1cc(C(=O)NCC2C3CN(CCC(C)(C)C)CC23)nn1-c1ccccc1,1
5.275724130399211,CHEMBL2164047,O=C(NCc1ccc(OC(F)(F)F)cc1)C1c2ccccc2C(=O)N1CCc1ccc(F)cn1,1
5.096910013008056,CHEMBL4290873,Cc1c(CN2CCOCC2)cc(-c2ccc(C(C)C)cc2)n1C1CC1,1
4.522878745280337,CHEMBL4094570,OC(c1cccnc1-c1cccc(Cl)c1)C(c1cccnc1)c1ncco1,0
5.251037138743839,CHEMBL507130,Oc1nccc2nc(-c3ccc(CN4CCC(c5nc(-c6ccccn6)n[nH]5)CC4)cc3)c(-c3ccccc3)cc12,1
5.346787486224656,CHEMBL4081764,Cc1c(C(O)CN2CCC3(CC2)CN(c2ccns2)C3)ccc2c1COC2=O,1
4.0,CHEMBL2024395,CC(C)NC(=O)NS(=O)(=O)c1ccc(OCCCN2CCCC2)cc1,0
5.0,CHEMBL4584911,NC(=O)c1cnc2c(F)cc(-c3cccnc3)cc2c1NC1CCOCC1,0
4.0670191780768015,CHEMBL4207711,CC1CC2CSC(=N)NC2(c2ccccc2)CO1,0
5.251811972993799,CHEMBL583047,COc1ccc(C2CN(NS(C)(=O)=O)C(=O)N2CCc2ccc(OC(F)(F)F)cc2)cc1,1
4.200000030616179,CHEMBL3221527,N#Cc1cccc(Cl)c1-n1ncc2c(OC(COCCO)C(=O)Nc3ccc(F)cn3)ncnc21,0
4.376750709602099,CHEMBL3793717,Cc1cc(-n2cnnn2)ncc1C(C)C(=O)N1CCN(CCc2ccc3c(c2C)COC3=O)CC1,0
5.08460016478773,CHEMBL4062435,CN(C)CCN1C2CCC1CC(OC(c1ccc(F)cc1)c1ccc(F)cc1)C2,1
5.0,CHEMBL2078877,CCOc1ccc2cc(-c3nn(CC4CCN(C(C)=O)CC4)c4ncnc(N)c34)ccc2c1,0
4.300000029139089,CHEMBL4452592,CC1(c2ccc(S(N)(=O)=O)cc2)N=C(O)N(CC(=O)c2ncc(F)cc2F)C1=O,0
4.872895201635193,CHEMBL2058833,CC1(C)c2nc(-c3ccc(F)cc3)c(Nc3ccc(F)cc3)n2CCN1C(=O)CN,0
5.075720713938118,CHEMBL2164219,COCC(=O)N(Cc1ccsc1)C1CCN(C(C)CCNC(=O)c2c(C)cc(Cl)nc2C)CC1,1
4.721246399047171,CHEMBL4077033,COCc1cnc(N2CCC(C3CC3CCOc3ccc(CC(=O)N4CCC4)c(F)c3)CC2)nc1,0
5.017728766960432,CHEMBL2216904,COc1cc2c(cc1O)C(Cc1ccc(O)c(Oc3ccc(CC4c5cc(OC)c(OC)cc5CCN4C)cc3)c1)N(C)CC2,1
4.537602002101044,CHEMBL468308,Cc1ccc(-c2c(C)c(CNC3CCC(F)C3)nn2-c2ncccc2Cl)cn1,0
5.100000128334196,CHEMBL3237580,CC(C)c1[nH]c(=Nc2cc(=NC3CCOCC3N)[nH]nc2C(N)=O)ccc1F,1
4.474955192963154,CHEMBL215023,COc1ccc2c(=O)n(CC(O)CO)c(C#N)c(-c3cccc(F)c3)c2c1,0
3.0436634570789662,CHEMBL4579589,O=C(CCNC(=O)c1cccc([N+](=O)[O-])c1)NC1CCOC1=O,0
4.522878745280337,CHEMBL481280,O=C(O)C1CCN(Cc2ccc(Oc3nc4ccccc4s3)cc2)CC1,0
5.499999678657065,CHEMBL1836170,CC(C)Oc1ncc(-c2nc(-c3ccc4c(c3)CCNCC4)no2)cc1C#N,1
4.638272163982407,CHEMBL2333641,CN1CCC(COCc2cc(C(F)(F)F)cc(Cl)n2)(c2ccc(Cl)cc2)CC1,0
4.3668346463160965,CHEMBL2440384,Cc1ccc(S(=O)(=O)NN=Cc2cn(CC(=O)Nc3ccc(F)cc3F)c3ccccc23)cc1,0
5.0,CHEMBL549699,Cc1nc(SCc2cc(N3CCOCC3)cc(=NCC#N)[nH]2)n(C)c1C,0
5.100000128334196,CHEMBL2022499,O=C(Nc1ccc(-c2n[nH]c(=NCCCN3CCCC3)o2)cc1)c1ccccc1F,1
5.1249387366083,CHEMBL1083999,CN(C)CCCCc1ccc(C(C)(C)C)cc1,1
4.900000142057633,CHEMBL257901,Cc1ccc2c(-c3nnc(SCCN4CCc5cc6nc(C)oc6c(C)c5CC4)n3C)cccc2n1,0
5.100000128334196,CHEMBL2147222,COc1ncc(-c2cccc(F)c2CCNC(=O)c2ccc(OCCC(F)(F)F)nc2)cn1,1
4.6020599913279625,CHEMBL4545398,COC(=O)C1CCN(C(=O)c2ccc3[nH]c(=N)sc3c2)CC1,0
6.6307841425898575,CHEMBL455423,COc1ccc(CN(C)C)c(Oc2ccc(Cl)c(Cl)c2)c1,1
5.431798275933005,CHEMBL4635883,CC(C)c1cc(N=c2[nH]c(N3CCCC(N)C3)ncc2C(N)=O)cc(C(C)C)n1,1
5.455931955649724,CHEMBL4244935,Cc1nnc(C(C)C)n1C1CC2CCC(C1)N2CCC(NC(=O)C1CCC(F)(F)CC1)c1cccs1,1
4.510000060783276,CHEMBL579072,CC1(C)Oc2c(CN3CCC4(CC3)CCN(C(=O)c3ccc(N)cn3)CC4)cccc2C1(F)F,0
4.406824736521897,CHEMBL3596589,CCn1cc(N2CCN(Cc3nc4c5cccc(OC)c5[nH]c(=N)n4n3)C(C)C2)cn1,0
5.0,CHEMBL250125,CC(=O)C1=NN2c3cc(F)ccc3OCC2C1(CCCN1CCN(C(C)=O)CC1)c1ccccc1,0
4.619788758288394,CHEMBL2024309,NS(=O)(=O)c1ccc(OCCN2CCCCC2)cc1,0
4.619788758288394,CHEMBL3422010,Cc1nc(-c2nnc3n2CCN(C(=O)c2ccc(-c4cccs4)cc2)C3C)cs1,0
5.0,CHEMBL3604424,CC1Cn2c(nnc2-c2ccccn2)CN1C(=O)c1cccc(Cl)c1Cl,0
4.795880017344075,CHEMBL216168,COc1ccc2c(=O)n(CC(O)CO)c(C#N)c(-c3cccc(C(F)(F)F)c3)c2c1,0
6.0,CHEMBL1835061,Cc1cccc(N=c2[nH]c(=NCC3CCCN3)[nH]cc2C(N)=O)c1,1
4.970000123715015,CHEMBL2346968,Fc1ccc(CN2CCN(c3ccc4nnc(C(F)(F)F)n4n3)CC2)cc1,0
5.0,CHEMBL389499,C(#Cc1cc(-c2[nH]nc3c2Cc2ccccc2-3)cs1)COc1ccccc1,0
4.481486060122113,CHEMBL2312923,O=P(Nc1cc(F)ccc1-n1cccn1)(c1ccccc1)c1ccccc1,0
4.6020599913279625,CHEMBL2151324,CC(C)Oc1cc(N=c2[nH]c3c(cc2F)ncn3C(CO)c2ccc(F)cn2)[nH]n1,0
4.481486060122113,CHEMBL3291063,Cn1ncc(C(=O)N2C3CCC2CC(N=c2[nH][nH]c4ccc(F)cc24)C3)c1Cl,0
4.200659450546418,CHEMBL1289179,CC(C)S(=O)(=O)NC1CN(C)CC1c1ccc(-c2cccs2)cc1,0
5.0,CHEMBL2170066,c1cn(C2CCCCC2)nc1OCCN1CCOCC1,0
4.455931955649724,CHEMBL4208638,CC(C)(CO)Oc1ccc(C(N)=O)c(OC2CCN(C(=O)Cc3ccc(OC(F)(F)F)cc3)CC2F)c1,0
4.300000029139089,CHEMBL4468357,Cc1cc(C)n(-c2cccc(C(CC(=O)[O-])C[N+]3(C)CCC(CCc4ccc5c(n4)NCCC5)C3)c2)n1,0
4.721246399047171,CHEMBL1916542,COc1ccc2ncc(=O)n(CCN3CCC(NCc4cc5c(cn4)OCCO5)CC3)c2c1,0
6.237321436272564,CHEMBL55835,O=C(O)Cc1ccc(-n2cc(C3CCN(CCN4CCN=C4O)CC3)c3cc(Cl)ccc32)cc1,1
4.300000029139089,CHEMBL1289610,Cc1ncccc1N1CC2(CCC(c3nc4ccc(OC(F)(F)F)cc4[nH]3)CC2)OC1=O,0
4.300000029139089,CHEMBL4463635,CC1(c2ccc(N3CCOC3=O)cc2)N=C(O)N(CC(=O)c2ccc(F)cc2F)C1=O,0
6.301029995663981,CHEMBL4098533,Cc1cc(CN=c2[nH]c(=N)[nH]c3ccn(Cc4cc(Cl)ccn4)c23)no1,1
5.581698708680254,CHEMBL4170683,FCCC1Cc2ccccc2C2(CCC(N3CCN(C4CCCCC4)CC3)CC2)O1,1
6.399996913372259,CHEMBL3604734,Cc1cc(NCc2c(F)cccc2C(F)(F)F)c2cccc(C(N)=O)c2n1,1
5.59999938302362,CHEMBL1081587,Cc1ncoc1-c1nnc(SCCCN2CC3CC3(c3ccc(F)c(C(F)(F)F)c3)C2)n1C,1
6.0,CHEMBL3942186,CC1CC(N)CN(c2ccncc2Nc2ncc3ccc(-c4c(F)cccc4F)nn23)C1,1
5.221848749616356,CHEMBL550242,O=C(NC1CCc2ccccc2C1)N1CCC(c2nc(-c3ccccn3)no2)CC1,1
4.300000029139089,CHEMBL4468047,CN(C)c1ccc(-c2cc3ncccc3c(=NCC3CCCNC3)[nH]2)cn1,0
4.300000029139089,CHEMBL256650,Cc1ccc2c(-c3nnc(SCCN4CCc5cc6nc(C)oc6cc5CC4)n3C)cccc2n1,0
5.568636235841013,CHEMBL3577939,CC(C)CCC1CC(N(C)C(C)C)CCC1NC(=O)CNC(=O)c1cccc(C(F)(F)F)c1,1
4.229147988357856,CHEMBL4107016,Cc1nsc(-c2nnc3n2CCN(C(=O)c2ccc(C#N)cc2)C3C)n1,0
4.552841968657781,CHEMBL1083406,CC1CCCN1CCc1ccc2nc(-c3ccncc3)ccc2c1,0
5.275724130399211,CHEMBL3577941,CC(C)N(C)C1CCC(NC(=O)CNC(=O)c2cccc(C(F)(F)F)c2)C(COc2ccccc2)C1,1
5.568636235841013,CHEMBL4061173,Cc1c(C(O)CN2CCC3(CC2)CCN(c2cc(C)c(=O)n(C)n2)C3=O)ccc2c1COC2=O,1
4.522878745280337,CHEMBL4088894,Nc1cccc(C(Cc2cccnc2-c2cccc(C(F)(F)F)c2)c2cccnc2)n1,0
4.70000006855703,CHEMBL2022498,O=C(Nc1ccc(-c2n[nH]c(=NCCCN3CCCOCC3)o2)cc1)c1ccccc1F,0
4.954677021213342,CHEMBL1800769,Cc1ccc(Nc2c(-c3ccc(F)cc3)nc3n2CCN(C(=O)CN)C3)cc1,0
4.863279432843593,CHEMBL4062728,CC1(c2cc(CNC3(C(F)F)CC3)c(F)cc2F)CCSC(=N)N1,0
5.0,CHEMBL3939330,O=C(Cc1ccc(-n2cnnn2)nc1)N1CCN2CC(c3ccc4nonc4c3)OCC2C1,0
4.468521082957745,CHEMBL519355,O=C(NC1CC1)c1cn(-c2cccc(-c3cccnc3)c2)c2ncccc2c1=O,0
5.899998417198648,CHEMBL242603,Cc1ccc2c(-c3nnc(SCCC(C)N4CCc5ccc(-c6cc(C)nn6C)cc5CC4)n3C)cccc2n1,1
5.499999678657065,CHEMBL1223600,CC(C)c1ccc(CS(=O)(=O)c2ccc(C34CNCC3C4)cc2)cc1,1
4.522878745280337,CHEMBL2434978,O=C(O)c1ccc(Sc2ccc(CN3CCC(N4C(=O)N(C5CCOCC5)CC4c4ccccc4)CC3)cn2)cc1,0
4.522878745280337,CHEMBL3938841,CC(C)(O)C1CCC(N=c2ccc3ncc(-c4cccc(Cl)c4)n3[nH]2)CC1,0
6.009217308196862,CHEMBL4526732,Cc1cc(C=CC#N)cc(C)c1Oc1[nH]c(=NC2CCN(Cc3ccc(S(N)(=O)=O)cc3)CC2)nc2sccc12,1
4.7447274948966935,CHEMBL1939742,CCN(C)C(=O)c1ccc(C(c2cccc(NC(=O)C3CC3)c2)N2CCN(Cc3nc(C)cs3)CC2)cc1,0
4.800000052738446,CHEMBL3237576,COc1ccc(=Nc2cc(=NC3CCOCC3N)[nH]nc2C(N)=O)[nH]c1C(C)C,0
5.508638306165727,CHEMBL3263286,CNC(=O)c1cccc(C2CCN(C3CC4OCCC4(C(=O)N4COc5ccc(C(F)(F)F)cc5C4)C3)CC2)c1,1
4.3979400086720375,CHEMBL1083274,Cc1nc(C)c(-c2ccc3cc(CCN4CCCC4C)ccc3n2)o1,0
7.083019952679618,CHEMBL3342693,Cc1nc(NC(=O)c2cc(CNC(=O)C(C)C)cnc2C(F)F)[nH]c1-c1ccc(C(F)(F)F)cc1,1
5.180456064458132,CHEMBL2326480,COc1cccc(CN2CCc3cc4[nH]c(=N)sc4cc3CC2)c1,1
4.795880017344075,CHEMBL3601397,COc1cc2c(cc1OC(C)C)C(c1ccc(Cl)cc1)N(c1ccc(N(C)CC3CCC(N4CCN=C(O)C4)CC3)cc1)C(=O)C2,0
5.300000202445418,CHEMBL540241,CC(C)c1cccc(N2CCN(CCN3Cc4ccccc4C3)C2=O)c1,1
5.130768280269024,CHEMBL1683351,N#Cc1ccc(N2CCN(Cc3cc(C(=O)O)c(=O)n4ccccc34)CC2)cc1,1
5.0,CHEMBL4591429,CCOc1ccc2cc(-c3nn(CC(C)C)c4ncnc(N)c34)ccc2c1,0
4.366531544420414,CHEMBL3263279,O=C(N1CCc2ncc(C(F)(F)F)cc2C1)C12CCOC1CC(NC1CCOCC1)C2,0
4.600000074606178,CHEMBL1835070,Cc1ccc(Nc2nc(NC3CCCCC3N)ncc2C(N)=O)cc1,0
4.0,CHEMBL2325730,NC(=O)C(NC(=O)C1(N)CCN(c2ncnc3[nH]ccc23)CC1)c1ccc(Cl)cc1,0
4.0,CHEMBL4071093,COc1cccc(C=CC(=O)c2cc(OC)c(OC)cc2O)c1,0
4.0,CHEMBL4438583,Cc1c(C(O)CN2CCN(C(=O)Cc3ccc(-n4cnnn4)cc3)CC2)ccc2c1COC2=O,0
5.070581074285707,CHEMBL3416021,NC(=O)c1ccc(=NC2CCCCC2N)[nH]c1Nc1cccc(-n2nccn2)c1,1
4.522878745280337,CHEMBL249093,O=C(NCC1CCC(CCOc2ccccc2)CC1)c1cn[nH]c1,0
5.721246399047171,CHEMBL4439285,COCC1OC2(CCN(CCc3ccccc3)CC2)CN(c2ccccc2)C1=O,1
5.0,CHEMBL3604423,CC1Cn2c(nnc2-c2cnccn2)CN1C(=O)c1cccc(C(F)(F)F)c1Cl,0
4.096910013008056,CHEMBL1091980,Cc1ccc(OC(=O)N(CC(=O)O)Cc2cccc(OCc3nc(-c4ccccc4Cl)oc3C)c2)cc1,0
4.499999953328896,CHEMBL2147217,Cc1ncc(-c2ccccc2CCNC(=O)c2ccc(OCCOCC(F)(F)F)nc2)cn1,0
4.537602002101044,CHEMBL4558749,CCC#CCC(C)C(O)C=CC1CCC(=O)N1CCCCCCC(=O)O,0
5.571865205971212,CHEMBL3609636,COc1cc(-c2cn(C3CCc4cc(F)ccc4N(CC(F)(F)F)C3=O)nn2)ccc1-n1cnc(C)c1,1
4.522878745280337,CHEMBL3786634,Nc1ncnc2c1c(-c1cccc(OCC34CCC(CC3)O4)c1)cn2C1CC(CN2CC[S+]([O-])CC2)C1,0
5.552841968657781,CHEMBL1836040,Cc1nc2ccccc2n1-c1ccc(C(=O)N(C)C2CCN(C3CCCCC3)C2)cc1,1
4.3979400086720375,CHEMBL1084582,CC1CCCN1CCc1ccc2nc(-c3cn[nH]c3)ccc2c1,0
5.698970004336019,CHEMBL2151218,COc1cc(Nc2cccc3c2nc(-c2ccc(F)cc2)n3C)ccc1-n1cnc(C)c1,1
5.6020599913279625,CHEMBL4286715,Oc1cc(-c2cn[nH]c2)ccc1-c1ccc(N2CC3CNCC3C2)nn1,1
4.3872161432802645,CHEMBL4466809,CC(C)(C)c1ccc2nc(C(C)(C)N)[nH]c2c1,0
4.096910013008056,CHEMBL442078,CC1CN(C(=O)c2ccccc2)CCN1C(=O)C(=O)c1c[nH]c2ncccc12,0
6.0999990348465305,CHEMBL1079640,Cc1ccc(-c2nnc(SCCCN3CC4CC4(c4ccc(C(F)(F)F)cc4)C3)n2C)cn1,1
4.552841968657781,CHEMBL1939741,CCN(C)C(=O)c1ccc(C(c2cccc(NC(=O)C3CCC3)c2)N2CCN(Cc3cccnc3)CC2)cc1,0
5.241088107602026,CHEMBL601873,CC(C)OC(=O)C1=CN(C(=O)c2ccc(OCCCN3CCOCC3)cc2)CC(C)(C)c2c1[nH]c1ccccc21,1
5.175223537524454,CHEMBL3609633,COc1cc(-c2cn(C3CC(C)c4ccccc4N(CC(F)(F)F)C3=O)nn2)ccc1-n1cnc(C)c1,1
5.154901959985743,CHEMBL4288964,CCCCc1nc(C(C)C)c(CC(=S)N2CCCC2)c(=O)n1Cc1ccc(-c2ccccc2-c2nc(=O)o[nH]2)cc1,1
4.958607314841775,CHEMBL2380446,COc1cccc(-c2cccc(C3(C)NC(=N)CCS3)c2)c1,0
5.251037138743839,CHEMBL262341,O=C1N=CC=C2N=C(c3ccc(CN4CCC(c5nc(-c6ccccn6)n[nH]5)CC4)cc3)C(c3ccccc3)=CC12,1
5.3851027839668655,CHEMBL1077638,CC(C)CN(C(=O)c1cccc(C(F)(F)F)c1Cl)C1CCNC1,1
5.0,CHEMBL4570737,Cc1ccc(-c2cc3ncncc3c(=NCC3CCCNC3)[nH]2)cc1,0
4.619788758288394,CHEMBL1822446,CCNC1(CNC(=O)N2CCC(c3nc(-c4ccc5ccccc5n4)no3)CC2)CCCC1,0
4.200000030616179,CHEMBL3896541,O=C(O)c1ccnc2c(N3CCN(CCc4ccc(OCCCN5CCCCCC5)cc4)CC3)cccc12,0
4.579999998661813,CHEMBL1797387,Cc1onc(-c2c(Cl)cccc2Cl)c1NC(=O)OCc1c(F)cccc1Cl,0
5.698970004336019,CHEMBL467473,CCN1CCN(c2cc3nc(SC4(C)CCC(NC(=O)OC)C4)[nH]c3cc2Cl)CC1,1
4.815308569182402,CHEMBL1093051,O=C(C=Cc1ccc(CN2CCCC(c3c[nH]c4ccccc34)C2)c(F)c1)NO,0
6.6777807052660805,CHEMBL4280531,CCOc1cc(CN2CCC3(CC2)CCN(S(=O)(=O)c2cccnc2)CC3)cc(OCC)c1-c1ccc(F)cc1,1
6.5003129173815966,CHEMBL1801188,Cc1nnc(N2CCC(F)C2)c2nn(-c3ccc(OCC(F)(F)F)cc3)c(C)c12,1
4.301029995663981,CHEMBL4203293,COc1cc(NC(C(=O)c2c[nH]c3ccccc23)c2ccccc2)cc(OCCO)c1,0
5.221848749616356,CHEMBL2204588,CNc1cc(Nc2cnc(C#N)c(OC(C)CN(C)C)n2)ncc1C1CC1,1
4.301029995663981,CHEMBL4636208,CC(C)C(NC(=O)c1cc(C(F)(F)F)ccc1F)C(=O)N1CCC2(CC1)C(=O)N(C)C(=O)N2c1ccc2[nH]ncc2c1,0
6.299997602857746,CHEMBL3604735,Cc1cc(NCc2c(Cl)ccc(Cl)c2Cl)c2cccc(C(N)=O)c2n1,1
4.886056647693163,CHEMBL2029419,O=C(NCC(=O)N1CCC(NC2CCC(O)(c3ccc(-c4ccncc4)cn3)CC2)C1)c1cccc(C(F)(F)F)c1,0
5.431798275933005,CHEMBL3218649,COCCN1CCCC(Cn2c(-c3ccccc3C)nc3nc(-c4ccc(Cl)cc4)sc3c2=O)C1,1
4.2839966563652006,CHEMBL2151322,CC(C)Oc1cc(-n2cnc3ccc(=NC(CO)c4ccc(F)cn4)[nH]c32)[nH]n1,0
5.221848749616356,CHEMBL520431,CCOc1cc2[nH]cc(C(N)=O)c(=Nc3ccc(F)cc3F)c2cc1N1CCCN(C)CC1,1
4.0,CHEMBL4640756,Cn1nccc1C1CCCCC1Oc1cc(F)c(S(=O)(=O)Nc2ccncn2)cc1F,0
4.552841968657781,CHEMBL2029568,O=C(C1CCN(c2cc(C(F)(F)F)ccn2)CC1)N1CCC(NC2CCC(O)(c3ccc(-c4ncccn4)cn3)CC2)C1,0
4.0,CHEMBL4632675,Cn1nccc1C1CCCC1Oc1cc(F)c(S(=O)(=O)N=c2nc[nH]s2)cc1F,0
5.080921907623926,CHEMBL4084050,CCc1ccn2ccnc2c1N1CCCN(C(CC(N)=O)C2CCN(C(=O)C3CC4CCC3O4)CC2)CC1,1
5.413412695328245,CHEMBL1112,OC1=Nc2cc(OCCCCN3CCN(c4cccc(Cl)c4Cl)CC3)ccc2CC1,1
4.853871964321762,CHEMBL4172761,COC1CC(n2c(=O)n(C)c3cnc4cc(F)c(-c5ccc(CS(C)(=O)=O)nc5)cc4c32)C1,0
4.3979400086720375,CHEMBL573493,Nc1cnc(-c2cnc3nc(N4CCC(N5CCCCC5)CC4)sc3c2)cn1,0
4.494850021680094,CHEMBL2336319,COc1ccc(-c2ccc3c(N4CCOCC4C)nc(N4CCOCC4C)nc3n2)cc1C(C)O,0
5.638272163982407,CHEMBL2333623,FC(F)(F)c1cc(COCC2(c3ccccc3)CCNCC2)nc(N2CCCC2)c1,1
4.522878745280337,CHEMBL4468000,NCc1cccc(-c2cccc(COc3ccccc3CC(=O)O)c2)c1,0
5.0,CHEMBL3758523,COc1cc(N)c(Cl)cc1C(=O)NC1CCN(CCCn2ncnn2)CC1OC,0
4.301029995663981,CHEMBL2204263,O=C(CNC(=O)c1cccc(C(F)(F)F)c1)NC1CN(C2CCC(O)(c3cncs3)CC2)C1,0
4.950781977329818,CHEMBL572153,COc1ccc(CCN2C(=O)N(NS(C)(=O)=O)CC2c2ccc(C)cc2)cc1,0
4.522878745280337,CHEMBL479752,OC1CCN(Cc2ccc(Oc3nc4ccccc4s3)cc2)CC1,0
4.494850021680094,CHEMBL2030436,CS(=O)(=O)Cc1cc(N2CCOCC2)nc(-c2ccc3[nH]ccc3c2)n1,0
6.115771230367396,CHEMBL494275,CCN(CC)C(=O)c1ccc(C2=CC3(CCN(C)CC3)Oc3ccccc32)cc1,1
6.119186407719209,CHEMBL2012244,c1ccc(Cn2ccc3c(OC4CCN(Cc5cscn5)CC4)ncnc32)cc1,1
5.59999938302362,CHEMBL1835060,Cc1cccc(N=c2[nH]c(=NCC3CCCCN3)[nH]cc2C(N)=O)c1,1
4.221848749616356,CHEMBL4436908,Cn1cc(NC(=O)c2cccc(-c3ccc(C4CC4)nc3)n2)c(C(N)=O)n1,0
5.017728766960432,CHEMBL3582320,CCc1nc(C2(c3cnn(C)c3)NC(c3ncc(-c4ccc(F)cn4)[nH]3)Cc3c2[nH]c2ccccc32)no1,1
3.665546248849069,CHEMBL1086033,Cc1ccc2cc(CCN3CCCC3C)ccc2n1,0
5.0,CHEMBL3577958,CC(C)N1CCN(C(=O)c2ccc(CN3CCC(F)CC3)cc2)CC1,0
4.690369832574102,CHEMBL1086561,Cc1nc(N2CCOCC2)sc1-c1ccc2cc(CCN3CCCC3C)ccc2n1,0
6.0999990348465305,CHEMBL1224700,O=S(=O)(Nc1ccc(C23CNCC2C3)cc1)c1ccc(C(F)(F)F)cc1,1
4.721246399047171,CHEMBL4087545,O=C(c1cc(F)cc(Cl)c1)N1CCc2oc(-c3ccc(F)cn3)nc2C1,0
5.017728766960432,CHEMBL3972449,Cc1cc(OC(F)F)cnc1C(=O)Nc1csc(C23COC(C)CC2CSC(=N)N3)n1,1
5.154901959985743,CHEMBL562722,COc1cccc2c1OC(c1ccc(OCCCN3CCCC3)cc1)C(C)S2(=O)=O,1
5.119186407719209,CHEMBL1782568,COC1COCCC1NC1CCC(C(=O)N2CCN(c3cncc(C(F)(F)F)n3)CC2)(C(C)C)C1,1
6.142667503568732,CHEMBL2041172,COc1cc(N2C(=O)N(c3ccc(-c4ccc5c[nH]nc5c4)cc3)C(=O)C23CCN(Cc2ncccc2C)CC3)ncn1,1
4.721246399047171,CHEMBL2041187,Cc1cccnc1CN1CCC2(CC1)C(=O)N(c1ccc(-c3ccc(C(=O)O)cc3)cc1)C(=O)N2c1ncccn1,0
5.742321425130816,CHEMBL550876,O=C(NC1CCN(Cc2ccn(-c3ccc(C(F)(F)F)cc3)c2)CC1)N1CCCC1c1ccc(F)cc1,1
5.700000503883016,CHEMBL243709,Cc1cc(-c2ccc3c(c2)CCN(CCCSc2nnc(-c4ccccc4)n2C)CC3)no1,1
4.8297382846050425,CHEMBL3964139,Cc1c(C#N)cccc1C1CN2CCN(C(=O)Cc3ccc(-n4cnnn4)nc3)CC2CO1,0
6.301029995663981,CHEMBL2172192,CNc1nn2cc3c(nc2c1S(=O)(=O)c1ccccc1)CCN(C)C3,1
5.958607314841775,CHEMBL1834632,O=C(CN=c1[nH][nH]c2ccc(C(F)(F)F)cc12)NC1CN(C2CCC(c3ccc4c(c3)OCO4)CC2)C1,1
6.013228265733755,CHEMBL3093987,CCCCCCCN(CC)CC#CCOC(c1ccccc1)c1ccccc1,1
4.823908740944319,CHEMBL206798,CN(CCO)C(=O)N1CC(c2cc(F)ccc2F)=CC1c1cccc(O)c1,0
6.799998134593398,CHEMBL2146813,O=c1c2ccncc2c(Cc2ccc(Cl)cc2)nn1CC1CCCN1CCCCc1ccc(OCCCN2CCCCCC2)cc1,1
4.499999953328896,CHEMBL3221488,Cc1ccc(NC(=O)C(COC(C)C)Oc2ncnc3c2cnn3-c2ccccc2Cl)nc1,0
5.0,CHEMBL4207171,Cc1cc(-n2cc3c(n2)CN(C(=O)c2cc(C#N)ccc2OC(C)C)C3)ccn1,0
5.0,CHEMBL3634101,O=C(Nc1cc2ncncc2cc1OCc1cccc(Cl)c1)Nc1cccc2ccccc12,0
8.022276394711152,CHEMBL4093627,Cc1c(C(O)CN2CCC3(CC2)CCN(c2cc(-c4ccccc4)ns2)C3=O)ccc2c1COC2=O,1
4.6020599913279625,CHEMBL4475811,N=c1[nH]c2ccc(SCc3ccccc3)cc2s1,0
4.655607726314889,CHEMBL4087512,c1cncc(C(Cc2ccccc2-c2ccncc2)c2cccnc2)c1,0
5.0,CHEMBL3809641,Cc1noc(Cn2nc3ccc(-c4ccc(OC(F)(F)F)cc4)cn3c2=O)n1,0
5.886056647693163,CHEMBL4096316,NC(=O)c1ccc(-c2cccc3nc(-c4cncnc4)nc(NCc4ccccn4)c23)cc1,1
4.0,CHEMBL1323,CC(C)CN(CC(O)C(Cc1ccccc1)NC(=O)OC1COC2OCCC12)S(=O)(=O)c1ccc(N)cc1,0
6.585026652029182,CHEMBL4103602,CCOC(=O)C1=C(CN2CCOCC2)NC(c2nccs2)=NC1c1ccccc1[N+](=O)[O-],1
4.543633966870957,CHEMBL432798,CSc1nc(-c2ccc(F)cc2)c(-c2ccnc(NC(C)=O)c2)n1C,0
4.300000029139089,CHEMBL4245368,Cc1cn(C)c(-c2cccc(C(CC(=O)O)CN3CCC(CCc4ccc5c(n4)NCCC5)C3)c2)n1,0
5.069635852611926,CHEMBL575693,CC(=O)Nc1ccc(-c2cc3sc(N4CCC(N5CCCCC5)CC4)nc3cn2)cn1,1
4.6020599913279625,CHEMBL4577695,COC(=O)c1ccc(CSc2ccc3[nH]c(=N)sc3c2)cc1,0
5.341988603342887,CHEMBL52794,CC(O)c1cn(-c2ccc(F)cc2)c2ccc(Cl)cc12,1
4.431798275933005,CHEMBL3087669,Cc1cc(N2CCC(N3CCCC3C)C2)ccc1NC(=O)c1c(C)noc1C,0
6.430626090384954,CHEMBL2325206,Cc1ccc(CCOCCCc2cccc(CCCOCCc3ccc(C)cc3)[n+]2C)cc1,1
4.522878745280337,CHEMBL1808625,Cc1[nH]c2ccccc2c1CC(=O)N1Cc2ccc(C=CC(=O)NO)cc2C1,0
4.516555351901465,CHEMBL1082723,CC1Cc2c([nH]c3cc(Cl)c(F)cc23)C2(N1)C(O)=Nc1ccc(Cl)cc12,0
5.221848749616356,CHEMBL4076823,CC1(N)CCC(Nc2c(C(N)=O)cnn3cc(-c4cccc(Cl)c4)cc23)C1(C)C,1
5.723538195826756,CHEMBL1779003,COc1cc(F)ccc1-c1cncc(CNC2CCCC2)c1,1
6.096910013008056,CHEMBL251241,CC(NC(=O)c1ccc(-c2ccc(Cl)cc2)o1)C(=O)N1CCN(CCCOc2ccc(C(=O)C3CC3)cc2)CC1,1
4.481486060122113,CHEMBL3786868,CC(C)(C)NC(=O)C1c2cc(C#N)ccc2C(=O)N1Cc1ccccc1-c1ccccc1,0
4.522878745280337,CHEMBL3601324,CCC(=O)NC1CCC(CN(C)c2ccc(N3C(=O)Cc4cc(OC)c(OC(C)CC)cc4C3c3ccc(Cl)cc3)cc2)CC1,0
4.889410289700751,CHEMBL3314362,Cc1cc2c(cc1CN(C)C)CCN(C(=O)c1cc3cc(Cl)ccc3n1C)C2,0
6.376750709602099,CHEMBL478011,CNC(=O)c1c(NCC2CCC3(CCC3)CC2)nc(C#N)nc1OCCC1CCN(C)CC1,1
5.853871964321762,CHEMBL4558606,CCOc1ccc2cc(-c3nn(CC4CN(C)C4)c4ncnc(N)c34)ccc2c1,1
5.0,CHEMBL4635770,N=C1NC2(c3cc(NC(=O)c4cnc(OCF)cn4)ccc3F)CCOCC2CC1(F)F,0
5.899998417198648,CHEMBL270602,Cc1cnc(-c2nnc(SCCCN3CCc4ccc5oc(C(F)(F)F)nc5c4CC3)n2C)cn1,1
4.600000074606178,CHEMBL4528289,CN(C)c1ccc(-c2cc3nccnc3c(=NCC3CCCNC3)[nH]2)cn1,0
6.199998172182031,CHEMBL1079577,Cc1ccc2c(-c3nnc(SCCCN4CC5CC5(c5ccc(C#N)cc5)C4)n3C)cccc2n1,1
6.299997602857746,CHEMBL2208432,O=C(NCC(O)CN1CCC(Oc2ccc(Cl)c(Cl)c2)CC1)n1c(O)nc2ccccc21,1
4.698970004336019,CHEMBL2164396,O=C(NCc1ccc(OCCC(F)(F)F)nc1)C1c2ccccc2C(=O)N1CCc1ccccn1,0
4.396855627379818,CHEMBL1085959,COc1ccccc1CC(c1ccccc1F)N1CCNCC1,0
5.481486060122113,CHEMBL4647327,CCOc1cc(C(O)(CCN(C)C)C(c2cc3cc(Br)ccc3nc2OC)c2ccnc(OC)c2OC)cc(OC)n1,1
5.0726296369609765,CHEMBL4104658,C=CC(=O)Nc1cc(Nc2nccc(-c3cn4c5c(cccc35)CCC4)n2)c(OC)cc1N(C)CCN(C)C,1
6.299997602857746,CHEMBL3774519,Cn1c(SCCCN2CC3CCN(c4c(F)cc(F)cc4F)C3C2)nnc1-c1cnccn1,1
6.900008766455316,CHEMBL3775243,Cn1c(SCCCN2CC3CCN(c4ccc(C(F)(F)F)cc4)C3C2)nnc1N1CCOCC1,1
4.0,CHEMBL3290768,Cn1ncc(C(=O)N2CCC(Nc3cc(=O)[nH]c4cc(F)c(F)cc34)CC2)c1Cl,0
